6377  2775  6374
4310  1067  1061
1128  6398  4448
6052  1809  2870
2241  718  2448
6247  1973  5047
1057  5479  3233
1902  2386  2101
4854  4343  4601
1487  4362  1700
2944  3019  1212
369  6048  3634
298  293  930
5489  5315  4287
4810  4809  3235
5930  4823  1251
4405  562  791
2574  4675  4303
5540  3546  1180
2345  3712  2617
3546  671  1180
2236  1270  2480
6324  3469  1329
6324  1329  3916
5131  5132  5138
6236  4266  3276
6048  3704  3433
164  5959  5113
772  2735  2732
1180  4844  2908
3916  3918  4401
2567  3000  4838
2220  5111  4361
4907  4507  6253
1659  91  1871
6253  4507  6075
506  4679  2417
334  3275  1699
3661  3286  955
4900  217  1899
6049  5969  1488
3677  1170  3391
4053  6239  1178
4851  5580  3437
5135  1977  463
1388  4494  5218
4824  1268  2037
5963  5078  2394
2776  4671  1296
960  1422  1421
6370  4495  719
5700  1156  1157
2452  2735  2421
198  2906  674
3552  5954  4813
216  2728  3523
6187  4378  5352
294  5124  5123
5075  3220  326
1776  4147  4502
2556  1841  1840
1272  5289  4603
1621  1841  5641
624  4954  3701
2345  2617  6163
5117  503  2498
393  394  5740
5747  5748  2610
5562  4306  4295
3901  1053  2803
3448  5642  2216
567  4234  3673
2606  118  3696
4349  6434  5524
2558  5185  5751
705  2114  2007
3408  6233  4299
2573  1669  503
4857  5072  3948
2153  5941  4094
746  2115  5475
1834  4058  5216
459  4205  450
3288  10  796
5120  3536  628
2604  214  2551
3063  4497  5493
165  5645  3383
5599  620  6133
3901  2803  362
634  628  3536
1328  4259  3995
6372  2129  5023
1246  4953  5716
4551  794  2415
2231  1148  402
853  532  2039
3228  5640  1841
6191  6418  429
4773  2705  5310
5475  1023  5755
5472  5504  4483
715  3791  1619
1485  1732  2339
455  629  3786
4568  4344  5465
2569  2390  212
1163  3841  2565
5241  2398  4796
1695  2237  1270
746  5475  5755
3992  2770  1033
5372  3850  1981
3274  5732  5055
5030  1375  5485
3778  6067  3817
465  769  4271
465  4271  4274
5382  1053  1330
5676  5142  762
5242  3698  4860
5195  2630  6326
5352  1285  1284
1173  2984  2739
1257  3987  535
1063  3086  4295
3064  447  231
1556  5276  5279
399  3297  6070
3084  176  6330
762  5142  566
2261  4592  1837
6186  3987  1257
2308  5359  5138
4370  5396  842
4650  702  419
1760  4367  469
5501  4062  4152
5682  2953  5313
2943  5863  6226
404  3951  3954
4350  2865  6003
5241  5699  5546
3491  954  6084
717  5218  6137
2063  4916  5050
6072  6190  3157
3138  4372  4368
4268  2850  5996
1624  2155  2300
4432  233  5454
3956  2711  2367
185  3742  5073
216  6248  2728
1777  5520  1909
536  5484  846
5393  5627  5624
5393  2032  5627
537  845  3613
2157  376  1810
1051  4273  6316
6283  5708  2451
4344  3617  5465
462  1977  5135
216  217  4900
5223  1007  315
2261  2561  4592
5817  4906  4848
5640  3228  4957
1904  293  2041
221  635  457
2771  2251  1903
4609  6316  5596
5123  5314  4697
1733  2671  6081
1945  1948  4260
649  531  3915
953  5500  2495
429  6418  2722
5053  3996  5313
5498  4346  5096
1781  3990  2853
5872  6148  4230
1196  3186  2848
1703  2227  1472
5432  933  3527
2367  2711  393
415  4174  814
5845  6070  4206
170  2423  3449
5905  3573  4348
3472  3471  3449
3471  170  3449
3777  2252  462
5089  333  3812
333  5602  3812
1697  882  855
663  1539  662
2457  3488  3474
3079  1467  5397
5501  1164  4062
196  3999  1700
3079  1690  1467
1157  3024  5700
537  3778  3817
6144  817  6175
4121  5203  2243
4674  5199  720
1322  4821  3577
1787  2601  3828
392  3735  2601
94  2980  92
2369  2613  733
1056  5114  6165
4705  707  1541
759  2313  756
5793  5792  3441
2522  1128  4689
82  4272  2721
2129  5288  5023
6052  984  3570
3288  3902  3287
1690  654  1467
3790  5648  4050
1027  2798  4768
4616  1489  4617
3538  6070  5845
3377  3793  462
3818  932  3401
2434  1945  4260
2734  3796  461
4102  2725  2141
1494  5499  2495
670  2396  3544
332  4095  1271
877  2245  4419
1972  5546  5699
4048  4957  4047
854  2422  2365
5749  3368  4866
358  3487  564
4957  4048  1622
2830  2040  5115
626  4263  5244
5382  2803  1053
5243  2030  405
632  3715  5648
2002  2601  3735
1884  5568  4681
1055  5032  1607
2702  1065  1702
1065  6322  1702
3960  757  1374
619  3336  208
196  1700  3713
4865  1030  3576
2239  1738  1946
3729  457  4488
5817  4848  5908
3900  1554  5638
6324  3916  4401
1385  1380  271
448  78  4270
3950  1297  2036
3189  1459  5397
219  5459  5460
2847  765  764
765  756  764
4681  3708  1543
2770  5758  1033
3024  1157  3229
5505  5741  1160
5526  1160  5741
1168  2187  2186
5643  5500  953
1542  2771  1903
1154  2189  1410
1542  4575  2771
5240  621  215
2944  924  2976
4676  2156  2160
5621  2066  2240
2497  1627  2298
656  3272  538
5092  329  3219
5902  13  1
5505  1160  5391
5902  2347  2342
5929  1552  2811
414  3682  1816
5242  6185  6329
1149  907  5991
3300  2222  1970
2037  4600  4578
4343  4854  208
561  4131  790
1127  5464  1572
3289  3733  2
2855  5748  4268
401  3716  3531
4046  3850  5372
2031  5738  398
4669  5738  4548
2379  4507  842
629  3530  76
2851  589  990
4604  4354  217
4497  729  5493
1668  4750  4749
5494  4350  6003
3305  428  5119
1323  2259  287
3968  1467  654
712  1323  287
5117  4439  503
1024  6054  4233
5640  5641  1841
5335  4126  2521
2816  20  3906
4551  4454  5447
3878  764  756
4133  5447  6243
931  5298  4101
990  1484  4397
1765  1766  1811
948  2236  2480
570  5116  4103
2999  4564  5806
441  2850  5247
506  2417  5093
1211  161  1422
3236  5565  1775
6322  1237  1702
3226  1969  625
75  74  4401
2769  1537  5376
2154  2063  6280
4842  1972  4007
4233  6054  5130
2384  4589  5924
2152  6182  6180
634  3383  628
165  3383  634
6427  3307  2042
1901  4578  4600
3189  4124  5030
6182  2152  4504
232  5462  3047
3876  5462  232
3523  4065  217
3272  212  2390
5626  4673  1311
238  231  447
988  5072  4857
1553  499  5223
4300  3597  2151
4604  217  4065
4057  1384  1871
927  3523  1688
2256  4903  3118
1659  1871  1384
3532  3379  635
3798  3298  129
3804  6171  3820
5989  396  1898
4674  3  5199
3  5676  5199
2984  2738  2739
3059  6005  5778
1149  5991  2013
4053  1178  5938
5777  5776  6000
1777  6194  4105
717  5807  5218
1158  1833  6137
2025  502  1727
4265  3462  5922
446  182  6251
4859  3573  3403
1211  5099  1212
1835  3440  4138
6075  408  2182
5054  449  5690
4705  1263  707
5129  395  2914
2041  293  4123
2606  2237  1695
2070  2397  5779
334  4099  3275
699  3899  6135
5201  5671  1897
5141  5717  5928
2525  4674  5431
4302  6251  5378
4697  3133  294
3133  4697  6161
4362  5910  4652
2714  328  2807
3274  396  5732
3023  82  496
5489  2141  179
2423  505  3449
82  2721  3921
5642  5525  6380
4367  1760  5572
5562  3086  275
1079  2997  3568
878  4003  2493
3811  5089  3812
4963  4949  2070
1297  3395  1729
6281  155  5580
3289  225  2868
620  1835  1974
275  2218  5562
2337  4676  2160
6397  5037  2332
6397  5181  5037
4584  5522  5354
1023  1194  6240
2154  4916  2063
5607  266  1820
4007  2903  1169
1925  1331  3382
1889  4767  727
5807  6370  5218
1040  313  1025
3471  1219  3823
4134  664  3912
4064  4702  4344
1027  4436  2798
5607  5126  1773
4860  3698  5757
3378  5645  4959
4449  3699  4919
2019  5628  1722
1911  5396  1166
5629  2984  6440
1538  1771  167
4496  4495  4046
1388  1385  4769
4447  3780  3731
3702  1160  5526
2030  2811  1552
2811  1990  5929
6251  182  2453
5926  1978  4206
4954  4440  6432
5137  6247  6132
3906  3668  579
5817  6328  1783
3810  3714  701
1030  4865  1171
6162  3020  5521
5025  1604  3682
229  953  2382
3658  5689  2995
818  467  1389
953  2495  2382
842  2801  4369
1437  3087  5570
2554  1057  3615
8  1246  1535
5626  5392  411
2952  5316  1549
2778  6148  1549
5985  2496  5992
5873  4677  162
5548  2632  2635
3518  6167  4264
6377  4573  2775
2864  2635  2632
5131  1424  4000
3017  3535  3528
935  2425  2302
475  5498  6241
3535  3017  4847
1195  1198  4229
3640  6418  6191
5843  1004  1561
6279  445  2820
5150  2394  668
3402  2061  5373
4431  3087  2992
400  5678  4203
1663  2521  6245
2911  1403  4529
6281  6045  4913
6132  6080  6164
2567  5680  1068
6437  2551  4440
5995  1083  5569
2154  3704  4916
444  2723  4375
6071  1919  4513
5139  3797  959
2944  5099  924
1269  5220  2029
3789  5222  3002
1151  3997  110
4680  2333  296
5150  2636  4063
4696  757  3960
1970  2336  173
3290  9  2766
2336  1970  3492
2432  2433  4260
4651  1112  4004
5050  157  151
3540  157  5050
2911  4529  5317
5375  984  2817
3825  3930  2914
177  1421  959
3621  4669  4548
3062  5022  3060
2685  4694  171
3210  3292  5566
698  5628  5474
570  6223  5116
702  1789  4263
414  1920  6184
209  5465  3617
3060  1767  3682
762  4450  2128
4268  5996  2855
4871  880  3989
3078  5392  2033
6082  1262  4064
6158  319  3569
653  6046  6045
4366  6138  3364
6075  4507  408
3401  932  3400
6180  3775  2152
1604  1816  3682
2596  531  4771
3045  5460  5459
3556  2573  503
407  3729  498
6187  1174  2302
5375  5118  2686
4512  3539  4508
3704  6048  4916
5025  1601  4357
1331  1925  2431
2530  235  3308
1261  5242  4860
2341  6136  4466
3404  6245  2521
6185  5242  1261
6076  1125  1132
2188  2495  5499
3405  398  5079
1893  2107  5028
5838  6076  2708
5020  77  4000
3403  5905  6441
6256  534  766
1703  2385  5122
3301  5998  4230
2618  5990  1191
2848  2725  1196
4551  5447  4133
2725  4102  1196
4684  5628  3297
2615  2766  9
907  5803  5991
931  2549  5298
1268  4824  5524
4772  6284  6170
3188  2331  1545
1377  2846  2919
1541  707  623
2113  25  3374
2430  864  4445
2805  2988  6176
5935  2679  2253
4864  1951  5049
3572  1980  3283
2385  5356  5122
2253  2679  2611
409  3537  2528
4592  5648  5649
4486  4483  2301
1389  467  4181
652  240  4098
2005  5319  3624
3377  5359  4820
3827  418  619
5395  1978  698
3232  5220  1726
3236  1308  5565
4226  6150  2947
3676  1562  3497
6146  3594  2783
3700  5399  4910
4703  5645  3792
4564  6166  6134
14  3373  3463
3775  6180  58
1770  1811  1766
3378  2262  3464
4560  2567  1068
4560  4173  2217
1975  5864  658
2215  3006  2637
1054  3823  3659
948  4509  1309
2113  3374  821
3232  2029  5220
5806  6134  61
5111  5642  6380
4408  5572  5814
5924  2941  1476
3547  1428  558
2870  377  2157
4577  6089  1686
4705  4577  1265
1686  1901  1002
703  2772  3631
4803  3780  4447
776  1450  2229
1476  2941  2940
2482  583  2810
3272  2390  3930
855  956  3300
5822  4869  5086
1426  1431  4432
6160  3432  1248
4432  1431  5377
1466  3113  4653
1080  1909  5520
720  5199  3070
6160  1248  2819
355  347  1219
2296  4914  3699
5378  753  2735
773  5378  2735
1600  5032  936
87  4701  5850
1968  5561  5525
3866  466  2418
3087  2993  295
3610  3619  3618
2702  1009  1976
2994  2991  295
1237  3613  1987
3542  4045  4044
6438  4267  5429
1451  1767  3060
5029  1988  2254
1466  4653  2732
297  2525  4814
2308  5021  4820
1451  5021  2308
3661  955  793
197  617  5078
4261  562  4405
5990  2184  1192
5380  5458  116
4606  3950  2036
3912  2065  4134
1437  5995  5569
5756  4  5315
5969  6049  3259
3968  2331  4124
2769  2244  1537
3224  3779  3974
2231  5648  3790
6053  2817  1810
4549  2069  3478
2354  4528  2618
319  2853  3990
269  4356  1001
5156  2571  1285
5127  319  3990
5589  1926  557
4562  2552  2222
568  4550  466
3658  6179  6178
5136  1669  3794
4568  4358  3066
5821  4605  5240
3406  5240  4605
5240  3406  621
1771  6184  167
6280  152  153
6331  2764  1047
5566  5113  5959
1469  3955  5502
448  3955  991
11  3216  3442
5526  3969  2159
271  5186  6393
3795  1704  185
2  6232  3289
4534  4705  1265
3228  1841  5936
4698  6186  1257
3698  3677  5081
2529  3947  6047
2323  5370  1964
2331  654  1545
5113  2729  164
6381  2131  2482
6394  5793  3441
5223  499  3573
1951  1273  5049
2618  4528  3225
4841  4597  4308
4807  2227  1703
4416  6155  6255
5566  5959  2775
23  24  2324
4914  4919  3699
4370  842  4369
4548  5738  2242
329  3468  3219
4807  5122  1402
6309  4651  1276
2554  3965  3961
3953  3956  2367
57  1722  5628
5925  5292  743
2522  3082  1128
6329  6185  2529
1377  149  2846
4369  4609  5596
3402  3116  2061
2136  1689  519
2713  6378  3775
1818  1533  4902
2548  4548  2242
3303  5019  6080
3550  5814  1760
1597  936  1556
5626  1311  5350
21  4309  4353
6322  1065  537
6052  2870  2157
2418  465  3866
6045  6046  2919
1425  1428  3547
4433  2853  5600
3815  329  5092
4352  861  4398
1963  6048  369
2472  4655  419
2617  7  3282
149  1377  1378
3697  350  3468
77  3309  1811
3749  3752  2981
5925  4603  5292
4673  4403  1311
5792  5089  3811
4433  3681  6173
3681  2738  6173
1928  448  4678
448  4270  4678
3388  5502  1928
812  1374  757
4849  2674  5044
567  3574  563
3878  756  857
5753  4901  2189
2554  3615  535
5223  315  5048
289  1475  1457
1459  224  5397
4235  3195  5098
1760  5814  5572
856  3020  6162
1697  3629  3073
4615  404  109
4615  2454  5084
3777  5708  2252
4447  3731  1907
6280  2063  152
4264  3278  3518
4442  4491  4121
4267  2545  5429
2258  6055  631
2919  2846  4913
5543  1280  4897
2159  3969  2808
1388  4501  4494
2946  1965  3675
2602  2033  2032
4046  5372  4496
6438  6439  4267
1199  5502  3388
179  2141  2725
773  2735  772
1696  4106  3262
4674  297  3
3311  3575  3783
407  2528  3537
3850  5942  1981
2189  327  4527
2006  1168  5317
5146  3282  7
1965  3683  3675
4831  2106  4577
1172  985  1691
3023  1247  3294
5216  4058  3083
1089  565  2335
2615  1739  2766
3682  414  3062
1601  1557  1602
705  2007  863
2300  2770  2370
5433  1489  1490
3968  654  2331
6129  1324  5992
3540  5050  5374
5506  442  2612
4308  6163  2617
2574  4303  4597
2617  3282  4308
1089  3261  565
1618  5956  2153
2783  6145  2784
4305  5679  5090
3378  628  3383
2335  670  3544
4375  2723  3543
1169  6309  1276
1450  1548  2581
4507  4907  2801
1489  5433  2867
5075  326  4549
2903  4007  1972
5966  5965  5771
3998  310  1496
4407  5840  5455
5358  5317  2186
1686  1986  1901
6331  2765  1784
1980  3952  5136
172  5794  3810
6049  1488  5542
2586  3265  3085
4796  2398  2490
4655  4650  419
6246  769  2577
4651  1735  1112
214  2526  1813
6238  3948  5083
5314  3112  4697
1385  1388  719
291  3532  627
2155  2264  2300
1283  2818  3541
3846  2185  5273
4362  565  1700
6441  4397  4862
2261  1837  4701
2777  3774  6149
162  4677  6134
3632  727  83
5432  1446  1441
5432  1441  933
2395  2566  4610
2690  29  996
5090  2423  5797
4127  4618  3081
2454  4615  109
1619  2153  715
1384  4057  4061
3378  3464  5120
2812  1742  5578
2185  2563  5219
755  5453  5459
1004  2709  4688
1244  1813  2808
3004  5823  4654
266  3876  2107
5203  1818  4902
2302  1174  2239
709  2260  1323
933  1441  1440
226  4363  444
3045  5459  5453
180  3474  3443
4052  5955  4410
3782  61  4677
4704  3824  6140
5992  5866  3989
3216  472  3442
5992  2496  5866
3445  4508  929
934  5866  2496
5579  5866  934
364  362  2803
5498  2492  4346
5311  4000  1424
4610  1252  2219
855  882  956
6253  4514  5093
1125  5466  532
3632  1053  3901
5700  3024  4959
3751  3964  3995
6281  2323  6045
6129  1322  1324
929  2417  4679
1382  1764  313
3826  3827  619
2576  617  197
4584  5354  2213
5424  2218  275
3909  4130  3466
2025  2024  502
5985  6075  2182
1704  3741  185
1328  727  4259
3632  4259  727
2453  1734  6251
6232  950  6233
1473  5148  4126
3261  3713  1700
5293  5148  2132
4742  28  1899
5796  5791  2069
6163  4597  4303
3794  1704  3795
444  5571  6308
1156  5933  1157
3082  5394  1805
6191  3847  5957
4305  5090  4867
2395  4823  4964
4754  1979  3001
5289  1272  292
1272  135  292
5079  398  707
2855  705  5748
2950  5116  2366
3616  2950  3881
297  5140  3
2780  6145  2783
56  1060  3594
3048  2386  1599
5871  4038  4821
6143  819  4396
2605  2237  2606
162  6134  6166
320  4006  2912
2414  4466  6
3474  479  3216
3751  3995  4259
930  1904  3068
6183  6144  6175
1021  75  4401
2567  4838  5680
3004  4361  3067
1322  5871  4821
3000  2217  6156
3568  2997  3680
3135  4368  1281
1277  4532  3678
1764  1328  313
1544  3618  3619
1263  4705  4534
424  1427  3555
768  129  1326
3110  1470  3990
2313  857  756
4592  2561  4050
3843  3866  4274
3404  5158  1662
4897  6040  1540
6190  4902  1533
930  5147  298
2911  5317  5358
4772  6170  5130
3443  3474  3216
1462  5682  5313
4121  1818  5203
1559  2488  3856
3856  2488  1967
2456  1815  2910
4500  4499  4503
1427  6080  6132
1212  3019  5019
3781  999  4601
1178  6239  5222
2527  5120  5678
627  1177  6087
407  1768  1108
6172  2551  3525
2061  3116  1985
6251  4302  1628
6080  5019  3019
424  423  1427
4817  5094  227
2487  3476  2338
4360  2724  4598
3273  3520  2566
5048  315  4858
2499  3485  3478
5671  235  2530
5  2414  6
3663  5272  1926
4809  219  1772
3804  3820  2733
5129  2914  2569
557  2765  5589
1297  3950  3396
5636  4897  1280
6433  4954  6432
2952  1549  6148
5379  3795  185
4901  5753  2948
5015  5430  4404
462  5135  5133
1421  1424  959
2331  3188  4124
1980  5136  3794
1765  1811  218
4705  1541  5312
1460  237  420
5223  3573  4859
3866  465  4274
3310  4277  1047
2216  5642  2220
1440  4398  983
5239  1308  4179
5047  1973  2248
3781  4343  6400
1927  2364  4509
6379  5068  5239
6376  6379  5239
2545  4918  5539
467  3568  4181
6177  1705  885
2636  2861  1052
6437  5077  2604
6045  2919  4913
2604  5077  1480
6168  209  1477
2772  5270  3630
5379  3402  5373
1968  5525  5642
5462  616  1773
1421  1422  426
1022  4158  5940
3053  5454  233
1721  3987  6186
5015  4818  5430
496  3921  3888
218  1602  1557
5392  1005  4899
5969  2585  1488
5180  2236  427
163  5906  2737
2610  4307  5747
6165  5624  2474
85  4502  4147
5679  505  5090
4340  4104  2980
743  765  5925
2249  2419  4140
2415  4454  4551
354  3461  346
3188  1545  3187
3194  4235  5098
1949  5095  1271
5985  2182  2496
2817  6285  5375
4588  1703  1472
1963  3493  5374
1664  5040  5196
293  290  4123
298  290  293
392  3406  3735
1167  3487  3709
2385  1703  4588
5027  4129  1901
3465  210  2190
229  2382  5431
333  4095  5602
937  4918  2545
3532  291  3379
2847  1272  5925
172  1167  3709
321  3734  2900
5541  1548  1450
406  1102  4489
6394  3806  1320
4262  6394  3441
3682  1767  5025
5025  1767  1782
2181  6396  2848
3658  5054  309
4916  1963  5374
78  2420  1894
2919  2918  1377
5050  4916  5374
1685  4578  4129
5868  3069  2736
3625  1770  1766
1922  130  1028
159  5058  1278
881  722  406
1691  6355  5238
4738  5464  1127
166  3493  1963
5778  6005  5779
2769  3699  1471
5018  4367  5572
5868  3436  3069
3293  953  1126
4404  5907  1538
4846  971  5492
4569  4344  1684
2678  2800  1052
22  4822  413
2718  6144  1550
651  674  5544
5600  5868  2736
5352  1174  6187
1213  2033  2602
3436  5868  5600
6329  2529  6047
2022  1990  2811
4308  3282  2523
413  4822  652
4864  3840  5576
5216  4167  1834
1648  4175  3853
5184  5145  5183
5544  5195  651
2629  218  3051
3138  4368  3135
661  3744  558
3621  2548  3381
3672  3824  1054
3221  4510  3222
5542  2768  6049
5051  584  1474
227  3376  17
2952  6148  5872
5873  1296  2809
724  1697  855
3968  5397  1467
1380  1022  271
2637  2486  2215
793  3660  3661
6052  6051  1809
2684  771  2732
4400  4614  1376
1981  5390  1379
1966  4654  5128
5693  5691  5569
3461  561  3903
5708  5908  2446
4158  1022  4496
5393  2979  2032
1443  1692  821
698  2985  5628
3778  537  1065
5135  3797  5139
171  4694  701
5751  5386  1379
1452  4323  4293
3846  5273  93
5599  6188  3440
1382  4042  1764
2256  5817  1783
5273  5387  93
6383  5680  4838
4496  1379  4158
5390  5751  1379
183  76  3529
1792  4910  1798
3680  5270  6189
5959  164  6142
4646  3972  5086
3930  3598  538
620  6325  6133
2775  5959  6142
712  709  1323
275  3086  956
406  1109  1102
5386  4158  1379
3527  933  3526
2914  395  3825
2248  2739  2736
5815  5600  2853
1966  2488  4361
5111  2220  5642
2614  4866  5750
5116  3616  852
3073  882  1697
2950  3616  5116
5424  882  3073
4432  3312  233
1965  1470  4772
817  1064  4180
2525  5431  4814
1162  3900  5214
5570  6144  6183
1684  4568  3066
1538  5907  1771
6169  986  1249
1982  4839  2387
3732  4362  1487
2154  6280  3704
3433  3704  3434
4560  2217  2567
1975  620  1974
725  1161  228
3379  2260  3575
3570  984  4653
3059  6232  6233
406  1150  881
6437  4440  624
1919  6071  352
1173  2739  2248
3379  3575  1179
2156  1445  2160
1445  5906  2160
4802  2008  1464
1767  1766  1782
3992  5190  725
5672  1278  4618
5090  1779  4867
5025  1557  1601
1405  4839  1982
1194  1023  5475
3275  5084  4266
2523  6006  4846
1157  5934  3229
2353  4597  4841
211  4153  5851
3671  2065  5800
393  4914  2296
5573  4366  3364
5393  6193  2979
3887  5142  3
5545  4842  4007
327  1408  4527
568  466  1468
466  3866  1971
941  3213  16
3728  665  3705
3553  5377  4441
4865  3576  6237
6187  2302  2425
2674  2017  5044
2727  5273  4059
5792  3811  3441
4902  2242  5203
501  171  170
1884  4681  1543
1700  3999  1487
196  2043  3999
3206  528  5998
2830  5115  352
3  5142  5676
3371  3373  4487
5124  6371  1979
1555  590  4564
6382  2900  3734
551  5999  6000
4133  3898  794
2767  4437  1962
4370  4369  1381
5620  5623  2476
2476  5623  1003
726  1067  4310
322  5031  4654
3282  6229  2523
3472  3449  505
5188  664  3080
4771  531  1551
2323  4851  5370
753  5378  6251
3967  5703  3371
5755  1023  6240
1968  5642  3448
1835  4138  1817
4482  5013  558
6068  2707  6399
5237  5842  2707
6370  1388  5218
323  2767  1962
6193  5393  5114
3299  6041  6042
5335  1473  4126
3523  2238  1688
1469  5458  5380
566  5142  706
2947  6150  2701
1390  3299  4001
4344  4569  4064
4397  6441  990
6178  2988  5054
6176  2988  6178
3079  224  1472
28  2690  1899
6391  5837  4403
1696  5058  4106
117  2027  1160
4903  1783  4233
4898  6068  4904
3369  4650  4655
3109  1378  6282
3370  2471  1978
2242  4902  2548
1557  1765  218
369  1769  1963
3705  3555  3728
5335  1462  1473
6223  1130  1455
1690  2010  654
2991  2992  295
2992  3087  295
272  3226  5634
1276  4007  1169
2948  5141  5928
293  1904  930
6162  5423  856
454  79  459
5712  1  3054
5905  3403  3573
3059  225  6232
1403  2911  5053
777  4140  2419
3892  163  2737
4290  5998  3114
4650  3369  4231
1193  4647  1200
4377  565  4652
4861  1623  454
1381  4369  203
4362  4652  565
2239  4871  2302
2184  2346  2954
79  454  1623
5197  943  4531
2523  6229  6006
2724  3519  2688
2554  3961  1057
389  3698  5242
4205  459  79
1819  4768  2798
759  765  757
759  757  4696
616  3876  266
1945  1741  1273
4549  3485  5075
326  2670  5796
1110  1107  4208
723  1170  5398
4096  2582  584
1475  289  4468
115  723  2021
3499  2401  2400
859  4861  5939
3499  2400  160
4468  289  6192
4489  1102  4208
722  1109  406
1973  1173  2248
5013  5014  1458
4486  2301  3224
1422  960  1211
4227  3731  552
1192  2184  4803
3621  4548  2548
325  5093  4821
1618  1619  2257
1037  3083  4058
5215  1624  2370
5128  4654  5318
2799  563  3574
132  4235  3194
4808  1  5712
2417  6253  5093
2068  4957  3386
3376  1771  5907
199  4106  5058
198  651  3669
2379  408  4507
2864  4951  2863
3872  2549  931
1773  3235  1772
5963  4063  2800
4562  3300  956
275  882  5424
2032  2033  5627
6255  941  16
4862  4397  3389
1835  1817  1974
76  3786  629
6129  5992  3989
3989  880  6129
2241  5245  3738
792  2676  4128
3303  3304  5019
3080  4134  3670
5954  1974  1817
5478  3080  3670
2686  5379  2687
5589  4439  5117
2482  2810  6381
4371  1491  3541
4371  3541  5870
2996  885  4418
885  1083  6177
3696  2605  2606
4774  5310  647
447  3064  2690
5313  5605  5053
2953  5605  5313
5540  1180  5968
6175  817  6174
3532  3537  409
2577  769  465
4703  5700  4959
1080  5520  1409
720  5041  4672
5197  5643  3293
5926  6070  3297
77  5131  4000
775  1971  3843
2985  5926  3297
3727  4870  4172
3437  3627  1562
5817  2256  4906
2388  5521  3020
2765  5017  5589
666  1628  667
1971  5987  4706
4395  1658  789
1776  4157  4147
6132  3728  1427
6247  665  3728
6132  6247  3728
508  4345  2298
927  4065  3523
4289  2782  2715
3403  6441  4862
412  956  3086
6082  1895  6235
5277  2100  5119
1683  1895  6082
3017  3528  3534
714  4495  6370
3784  1179  3311
789  1658  5932
1464  3780  2334
2184  2334  3780
2308  5138  5132
1296  5316  2809
3303  6080  423
4581  4123  290
4302  5378  3745
5395  4927  3369
3540  5374  4437
3494  1962  1804
1894  4347  78
3193  3233  2138
4092  6167  3518
396  5989  335
960  177  3801
1211  3801  4552
1477  209  1486
448  2420  78
3522  3969  6323
3212  2975  6389
2800  4063  1052
821  2570  1443
2238  3523  2728
4872  1737  1742
4609  4369  2801
3492  2222  590
390  3696  6434
2610  950  2
1380  1385  719
1603  236  335
6000  5776  551
4898  4904  1536
2265  5195  6326
673  2723  3131
5202  3972  6314
6437  2604  2551
2120  4299  950
818  1389  5113
4650  4231  702
883  5816  1571
5671  4828  1897
5084  1723  4266
6382  3734  2214
4409  4359  1821
5608  5094  2603
1376  848  4400
1129  5840  4698
2576  4649  617
2610  2120  950
5706  391  5056
2476  5841  5620
5779  6005  2070
5432  3527  2566
1705  6177  6179
3784  1084  1179
3659  4261  3667
5777  2866  3085
4954  1558  3701
624  3393  5077
2526  214  2604
3525  2551  214
4126  5294  2521
5196  5040  4123
5704  5147  136
477  5602  4095
3696  1481  5958
5753  2189  5470
1247  3023  496
932  4395  3400
5358  5053  2911
5461  1773  1772
589  993  2578
990  2578  4607
5570  5995  1437
1705  6179  2995
4261  3666  3667
649  1551  531
658  650  1975
5680  4870  1068
501  170  3471
3915  1330  649
6355  2570  158
5954  1817  2245
332  3442  4095
83  1551  649
5379  5373  3795
6005  4963  2070
4146  1384  4061
83  649  1330
352  6071  4276
5708  3777  2451
4103  5116  852
3999  5960  3467
1474  584  1548
5837  3773  3844
3773  1312  3844
4124  3188  886
2392  4365  5870
5566  3292  818
634  3716  3684
1729  5802  1297
2148  2618  4144
1694  1311  4403
5677  463  1977
4510  5587  4273
3730  4506  5775
2668  5153  1320
4378  1285  5352
5606  746  5755
1278  5672  159
6183  1083  5995
1281  4368  4372
1167  4704  6140
364  2803  5382
1081  2676  3747
3707  1262  6082
3998  2576  310
3683  4772  5130
3471  3823  501
6137  5218  4494
3285  1452  2609
5115  2040  2786
6130  2913  6088
2  950  6232
2979  2607  2032
5758  2770  2562
3450  3472  505
1450  2581  2229
1164  5849  5955
6314  3972  3129
5589  5017  4439
4063  5963  2394
2395  1251  4823
3530  629  3115
4488  498  3729
2523  5492  5371
2523  4846  5492
4063  2394  5150
5922  2677  111
3189  5397  3968
4694  3810  701
409  627  3532
4354  1899  217
1103  4203  4032
2253  4958  3229
4513  3054  1
1105  2528  1108
87  2561  2261
3858  5370  1562
656  538  4699
949  5495  3054
3404  2521  2720
5904  2365  134
5777  3265  3260
1026  1132  4463
359  3286  3490
4586  1627  4228
3625  1766  1767
1911  2379  5396
2981  3898  4133
4808  2347  5902
393  5740  5125
4378  6043  704
3478  2069  5194
5194  2069  5791
4694  2685  3824
1219  3471  3472
4179  1308  3236
3220  5075  354
1164  4413  4062
3892  4748  163
4577  1686  1002
2457  356  3488
377  376  2157
4109  1490  6315
5753  4340  2948
1534  1544  3619
3887  706  5142
5636  1279  1171
2809  5316  2952
1279  5636  1280
5985  5992  1324
5571  4363  2429
503  1669  2498
5589  2498  1926
369  6153  1769
6052  2157  984
5375  4653  984
12  4376  4377
3737  928  3746
4848  5677  2446
4510  3221  108
4825  14  3463
1285  704  201
6440  5137  6132
5136  4555  1669
5504  14  4825
590  815  6166
5504  5472  14
170  171  5457
2685  171  501
5926  698  1978
4206  1978  2471
1978  5395  3370
5291  5246  5290
5072  991  3955
3794  3795  3283
1899  2690  996
3550  1760  6258
3187  5388  3188
4927  4231  3369
1464  2334  4802
5030  886  1375
5838  2708  1056
5749  2855  3368
5623  2024  1307
2566  3520  4610
5094  1771  3376
4235  132  5482
5844  2710  6069
1250  560  1692
5118  3402  2686
3193  133  3233
799  3819  2816
1328  1764  727
1889  727  1764
2784  6146  2783
4801  942  15
272  1969  3226
1773  616  5607
3876  616  5462
5237  2706  5843
5843  2706  2709
1156  1163  3851
2709  2706  3296
3445  3223  4512
5700  4703  312
3901  2416  3632
4578  1685  4824
1283  1284  3877
6130  2215  2913
411  4673  5626
1928  4678  5080
229  1126  953
2812  2668  1320
1813  6436  2808
5128  5318  2915
5083  3948  1469
1156  312  1163
5216  3083  5941
2239  880  4871
2239  1946  880
1546  880  1946
5239  5566  2775
2944  6164  3019
6164  6080  3019
989  5072  988
5925  1272  4603
1212  5099  2944
1054  501  3823
5082  6439  4857
2238  2728  625
1927  6319  1130
4674  4672  5431
1307  2015  2018
5199  2128  3070
4847  3017  4492
4309  2987  1687
4675  1402  5122
4675  5122  5356
498  3534  6395
864  12  4652
2686  3402  5379
465  3018  2577
5073  3742  3739
3224  2301  3779
5862  2135  739
799  3750  3913
4398  861  982
3116  6285  6286
738  6247  5047
570  2364  1134
3376  5430  958
2343  1200  4647
3376  5907  5430
2704  3727  5561
3448  2704  5561
5386  5751  5185
6140  357  564
3732  5910  4362
2220  4361  2488
5632  1068  4870
1102  1109  1110
5862  5820  5297
2222  2552  590
3462  4265  6167
721  5026  5224
4066  4839  1406
1553  5048  4347
5048  1553  5223
5748  5247  4268
132  5485  3065
4819  2418  4550
675  3267  3730
132  3065  5482
1380  4496  1022
407  221  3729
5054  2988  449
4597  6163  4308
3305  5119  2100
3063  5493  2587
879  3063  6000
5902  2342  1152
3293  5643  953
5244  3294  626
1703  5122  4807
932  3818  4582
5953  4089  2337
204  3877  1284
5631  1468  4706
5682  5335  1663
1684  3066  5355
4568  1684  4344
5993  5635  3295
5706  1558  6433
3486  561  3461
3519  3279  3949
5375  6285  5118
2802  5154  3949
2802  3949  3279
5502  3955  1928
4344  4702  3617
1270  2236  1695
5635  4511  3295
5635  2187  1168
4133  3749  2981
5777  3260  3266
5993  2187  5635
1168  4511  5635
4052  1164  5955
3781  4601  4343
6327  3021  926
941  6255  6155
209  4855  1486
5424  3073  3628
855  3300  724
724  3629  1697
5566  818  5113
1161  725  4498
3486  3461  354
6371  5701  1979
4573  5239  2775
1446  2395  4964
3930  2390  2914
3866  3843  1971
1106  1103  4032
5035  5298  3026
291  627  6087
3273  2566  3527
4412  2122  3902
5927  1985  6289
5927  3572  1985
741  5155  618
2569  2914  2390
3611  3619  3610
113  2031  398
4407  1721  5840
5094  5608  1771
3537  635  221
6283  6328  5708
3990  1781  3110
1165  859  5939
3778  1065  1780
2702  1780  1065
1965  2946  5127
633  2575  5678
4060  4057  1871
948  427  2236
3441  480  4262
1452  3285  6327
3388  1928  5080
5013  1458  661
3624  3734  321
5237  4898  2706
2025  2015  1307
2025  1797  2015
412  3086  1063
4704  1167  172
1167  6140  564
3448  4226  2704
2152  3775  5923
3004  1966  4361
2220  2488  1559
4514  3577  5093
5648  4592  4050
535  3987  2554
5279  5729  3025
297  4674  2525
5704  1534  3619
5704  3619  763
2370  3992  228
1559  4559  6373
6083  6241  5498
3992  1033  5190
1698  5245  2448
4655  3370  3369
1668  560  861
1007  5223  4859
4810  3235  5126
4157  4499  5383
3577  4514  1324
4232  1060  6143
4232  2715  1060
6075  4514  6253
4562  816  2552
1322  3577  1324
5747  5247  5748
2850  4268  5247
441  5247  1739
863  5748  705
4848  2446  5908
1424  5131  5138
4705  4831  4577
1421  177  960
4404  1538  6392
6325  650  4648
3950  2688  3949
725  5183  5145
1838  3900  5638
4353  5633  2136
1152  4443  5902
4370  1381  2901
1897  4827  1460
6075  5985  4514
5985  1324  4514
1605  4511  1168
862  184  2588
5188  2028  810
3788  4060  5381
5736  2806  3078
400  2527  5678
674  5134  5544
1784  6413  2764
3277  3276  3997
310  2247  1496
1985  3116  6289
4646  5086  4869
1461  677  5134
2482  1962  3494
5393  6165  5114
2256  497  4906
2856  1962  2482
5381  4060  4059
4366  5573  108
4510  108  5587
5573  5587  108
2324  4100  4823
4767  1551  83
4767  83  727
163  519  1689
2631  5134  677
407  1108  2528
1461  5134  4002
6381  2810  3209
5474  5628  2019
6284  4903  6170
6170  4233  5130
1562  5370  3437
2685  501  1054
5015  4404  5459
4694  3824  4704
3492  3633  2336
1560  4532  814
2002  3735  1479
3715  5649  5648
4592  5649  1837
3405  113  398
1161  5215  228
177  959  3797
6253  2417  929
1977  2446  5677
1839  211  2322
6394  5153  5793
563  4234  567
2344  6136  2341
5747  1739  5247
322  4654  5823
616  266  5607
1251  4822  5930
1451  3625  1767
1920  414  1816
2422  5148  3191
2948  2854  4901
3950  4606  2688
5116  6223  2366
1010  2016  4596
1214  5377  1431
537  3817  846
537  846  845
5937  75  1386
4441  5377  1214
1669  2573  1704
460  928  5245
3900  4498  1554
5137  1973  6247
4774  548  5310
5139  5138  5133
2006  1605  1168
6328  5908  5708
5138  5359  5133
3488  479  3474
5289  5563  1910
2131  2856  2482
5902  1  4808
5293  5294  4126
5841  2476  6399
1927  4509  6319
4508  3539  4609
5189  1386  1021
1782  1766  1765
1130  6223  1134
6435  6323  3969
6223  570  1134
2366  4465  761
1455  4465  2366
4562  956  412
4606  4598  2688
4646  4869  2393
2361  1010  4596
1557  1782  1765
5055  5732  1047
1663  5335  2521
557  1926  5272
6414  553  2765
1663  2953  5682
4911  1812  6169
1285  2571  1284
20  3819  3482
5873  162  3774
4294  3774  162
5184  1554  5145
5383  4499  4853
2575  636  4032
3887  4464  4463
2907  5960  2043
5689  3658  309
3212  817  2975
6178  5054  3658
2252  2446  1977
5769  3697  4446
3221  4366  108
5127  3990  1470
4510  4273  1051
23  2324  747
789  6192  4395
1263  5079  707
350  3219  3468
1962  2856  6152
6134  5806  4564
5399  538  5449
77  1811  1770
1770  5131  77
6394  1320  5153
2588  971  862
5127  3569  319
5519  5358  2186
1905  5039  1922
4869  952  2393
5371  4308  2523
666  3550  3796
5465  209  6168
6325  4648  6133
1945  2426  1741
623  707  397
1951  4850  5092
2812  3809  5961
4897  1540  5543
4605  5819  3406
4562  2222  3300
332  1271  5095
5383  4853  3919
3906  564  3668
3968  4124  3189
3712  5711  2943
5698  5035  3026
4551  4133  794
3697  274  1066
4803  2184  3780
1051  4512  4510
4485  4486  1701
1150  406  4490
4366  3479  6138
4293  5506  1452
1980  3794  3283
5372  1981  1379
2346  2184  5990
5990  2618  5702
184  2639  1450
2769  1471  395
703  318  445
703  445  6279
6387  5701  938
4127  3842  5672
504  627  409
199  5058  2004
5090  505  2423
879  529  4497
3380  4869  5822
1970  173  724
4901  4530  1410
6390  938  5701
5906  163  2160
5718  4104  4340
1057  3873  3615
6138  2487  2338
5423  2181  2848
4526  2810  583
819  2810  4526
2685  1054  3824
1943  5567  3662
5567  2670  3662
6309  2670  5567
4816  5198  2719
6138  5790  3364
1382  313  1040
397  707  398
5825  2065  3912
4825  3779  5504
2702  1976  1780
4568  994  4358
6380  5525  6383
4701  1836  2322
5270  2772  4852
817  4180  2975
6138  3479  2487
3081  4867  1779
393  5125  4914
3366  1483  6248
3842  3134  5672
157  3540  4833
2  3733  4307
181  2784  2062
96  3902  2122
3462  3277  5922
1283  1492  1284
1024  1783  6328
4172  6383  5525
2700  2862  2321
2361  4596  1314
3632  83  1053
1330  1053  83
2574  4597  2353
4857  3948  6238
1249  986  987
4498  725  5145
5317  1168  2186
4697  294  5123
6072  6069  2710
16  3236  1775
465  2418  3018
6435  3969  5526
3853  6158  1648
2133  886  3188
3524  5200  215
1689  2337  2160
5774  949  2869
4348  4571  5905
5599  445  6188
1128  4738  6398
3782  4677  5873
753  2421  2735
4203  5678  2575
3378  5120  628
2041  4123  5040
2216  860  4226
352  5115  1919
18  3483  3482
4232  6143  4396
18  3482  3819
1212  5019  161
2527  3536  5120
6383  4172  5680
2220  1559  2216
3498  1457  1475
3568  1111  4181
703  6279  5121
6391  4403  2026
1804  1962  4437
411  2806  2026
2026  4403  4673
1446  2566  2395
5432  2566  1446
3677  5745  1170
4703  4959  5645
5155  324  2982
4231  4927  1789
4136  1378  4141
4230  5998  528
1057  3961  4192
1971  775  5987
1421  5311  1424
161  1211  1212
1629  4131  561
4303  2345  6163
1133  4400  3082
2982  618  5155
2715  3594  1060
466  4706  1468
2976  6440  6164
1989  718  3111
5139  959  1424
2063  2035  152
4100  4964  4823
5215  2370  228
2300  2370  1624
4555  5136  3952
5099  4552  924
3974  3779  4825
2301  4483  3779
219  5460  1772
652  1687  2987
2033  4899  5627
4353  4090  5633
2308  4820  5359
6048  3433  3634
618  2982  5921
4007  858  5545
175  4679  5639
4612  5507  1737
4869  3380  952
4901  2854  4530
5922  3277  2677
2526  2604  1480
6081  6315  1490
4681  5568  6427
3369  3370  5395
6427  27  4681
4462  3195  4235
1627  2497  4228
2554  3987  3965
26  4574  4915
5245  2241  2448
6435  5526  3695
394  2545  5539
4361  5111  3067
2042  27  6427
18  3656  3483
1668  861  4750
789  5932  1475
6172  4440  2551
6055  3716  401
6380  3067  5111
2567  2217  3000
4600  1002  1901
2061  1985  3572
4434  4915  4574
401  631  6055
942  1982  2389
3275  4266  1699
3568  3680  1111
235  5671  421
3261  1700  565
3841  1163  4275
5083  1469  5380
3955  3948  5072
2225  5577  4905
1211  960  3801
1604  5025  4357
2610  5748  863
853  566  532
2769  5376  3699
6413  1784  553
4528  2147  3225
2148  5702  2618
5399  4699  538
2617  1327  7
1383  5630  1922
5430  1215  958
3996  4585  5313
624  4440  4954
411  2026  4673
553  1784  2765
5870  3541  2818
4143  738  5047
3671  3674  2065
347  3659  3823
2025  1307  2024
2221  1271  4095
5313  4585  1462
226  12  4363
5862  6194  2135
96  6139  3902
5672  4618  4127
2302  4871  935
929  4907  6253
1054  3659  3667
3543  2723  673
2363  5466  1125
1132  1125  532
326  2069  4549
3915  3657  1081
209  3617  4855
5023  5288  3882
2984  1173  5137
1328  1025  313
1534  136  5477
3887  137  4464
1492  1283  5523
3551  4813  1407
1489  4616  1490
4813  877  1407
6370  719  1388
5471  2941  5924
1380  719  4495
1770  5132  5131
3390  1788  2066
1472  224  4588
5522  1456  3375
211  1839  5638
949  3054  2869
1455  1130  4845
4904  4614  1536
1382  4058  4042
5645  3378  3383
2387  4066  5527
1618  2153  1619
1838  1839  1626
1660  2391  2340
1660  5385  2391
1155  5357  1476
2384  1476  5357
2265  3268  5195
4435  5752  442
4489  4490  406
1606  4435  442
5910  6310  4445
730  8  4325
3366  6248  216
3537  221  407
1247  496  3888
6394  5450  3806
4262  5450  6394
5217  1387  4042
5199  5676  762
1476  2384  5924
6068  4898  2707
1889  4042  1387
4463  532  706
5015  5459  219
4325  5071  2585
2770  3992  2370
3787  4061  4057
4148  926  4950
3285  3021  6327
1725  502  3232
5960  3999  2043
5393  5624  6165
6001  2585  5071
6230  3612  926
4835  2340  3465
6254  730  5606
3746  650  658
2999  5867  4564
61  3782  60
61  6134  4677
950  4299  6233
5544  5134  2631
4612  311  4613
2368  3877  5384
5739  3232  502
725  228  3992
218  2629  1602
222  699  6135
4964  4100  1446
776  184  1450
4100  4747  1446
226  444  4376
444  4375  4376
842  5396  2379
3131  2490  673
3613  1237  6322
3632  2416  4259
5680  4172  4870
3134  2004  5672
20  2816  3819
4262  474  5450
5750  2369  2614
3577  4821  5093
534  6256  530
3478  5194  168
842  4507  2801
3955  1469  3948
2770  2300  1165
5075  3486  354
2428  5575  3231
6006  5773  4846
3656  274  3483
2633  3991  3264
3746  928  650
706  532  566
6325  1975  650
4373  1696  4374
5214  3900  1838
703  5121  2772
211  5638  1554
2812  5961  1742
4648  650  928
1838  5638  1839
6418  1896  2722
1622  3386  4957
1171  878  3231
5310  548  3466
2816  3906  579
1901  4129  4578
1132  1026  2708
6076  1132  2708
5055  1047  2764
1976  2703  1780
1450  2639  5541
1283  2368  2818
205  2392  2818
4059  2185  5222
2335  565  4377
3872  931  758
2703  6067  1780
3081  4618  4867
91  2727  1871
3966  4738  847
3966  5464  4738
1742  1737  5507
5144  462  3793
1380  4495  4496
2332  5056  391
567  792  3574
1780  6067  3778
1284  1492  5352
1975  6325  620
5682  1462  5335
753  1734  2421
3400  4395  6192
6211  4968  3612
4672  4674  720
4059  5273  2185
5049  1273  1741
5121  4852  2772
621  3406  392
3531  634  3536
3777  462  5144
759  883  2313
1132  532  4463
3535  4847  630
2575  4032  4203
451  4208  80
1110  4208  1102
6242  1175  699
2946  1648  3569
2249  1547  2750
2599  702  4263
3915  531  3657
1107  4214  4208
4305  5091  5679
4095  333  2221
4856  4702  1259
1179  3575  3311
5387  5273  2727
5704  136  1534
4685  6399  1708
4483  5504  3779
3404  5246  5158
1308  5239  5068
3716  634  3531
5873  3774  1296
16  1775  5562
5804  6169  4751
998  1988  997
136  3068  5477
5755  6254  5606
4513  1  6071
3002  5222  6239
3974  4825  3975
718  6130  3111
6130  718  4137
2449  4402  1326
5936  1841  4415
4059  4060  2727
3210  4179  3211
4060  1871  2727
1972  5699  2903
3797  3800  177
3800  3802  177
4830  2721  5989
674  651  198
3783  3575  708
928  460  6417
3799  3802  3800
1296  3774  2777
4547  2419  468
5701  6371  6390
1174  1738  2239
4652  5910  864
5388  2133  3188
4526  4177  4396
181  2062  6151
3478  3485  4549
1146  4700  1153
3752  3898  2981
885  5569  1083
5562  2218  16
5375  2684  4653
6440  2976  5629
6440  2984  5137
4602  1000  4343
208  4602  4343
5966  551  5776
3217  180  3443
3366  216  3845
1668  1692  560
3887  4463  706
111  1724  5922
2383  2382  5351
6398  4738  1127
62  3711  3597
5870  4365  2945
5771  5965  3991
5549  676  2635
4400  1536  4614
2690  5085  447
1004  5843  2709
2690  28  5085
5057  5693  5569
499  4348  3573
1128  3082  1805
3082  2522  1133
1385  271  647
4774  647  271
753  6251  1734
6286  6285  6053
2996  5057  5569
885  2996  5569
651  5195  3669
3062  3060  3682
5033  5036  1545
5596  203  4369
1487  3999  3467
1322  6129  5871
2772  3630  3631
1128  4448  4689
739  4278  5862
984  2157  2817
238  447  5085
2719  5198  3740
1659  1384  4146
3112  2982  4697
1492  2726  5352
1669  2815  2498
1326  4402  4142
3207  3206  5998
3463  3975  4825
3858  1964  5370
6232  225  3289
5778  2868  225
5355  2386  1902
2776  1296  2777
861  1250  982
3059  5778  225
173  2336  4093
2830  352  4276
2864  2863  2635
462  2252  1977
3594  2715  6147
1963  4916  6048
3404  2720  5246
3672  1054  3667
3611  763  3619
2912  2910  320
176  3084  6086
5034  3017  3534
3304  422  5019
1162  4498  3900
2897  5433  6312
6133  3736  5599
2815  4555  5016
1026  4463  4464
1451  2308  3625
5790  2338  6244
1171  3231  5575
6397  2332  391
1131  1455  4845
5738  2031  2242
113  5177  1465
1603  5989  995
4136  149  1378
1259  4702  4064
275  956  882
1970  724  3300
503  4439  3556
5589  5117  2498
4125  4436  1027
5032  1821  1607
497  2256  3118
2765  557  6414
2636  1052  4063
5482  3957  4235
5245  1698  460
3696  5958  6434
534  2524  766
4602  208  3336
3376  227  5094
467  1079  3568
1669  4555  2815
272  3854  2600
5772  12  864
5025  1782  1557
4873  1271  2221
4873  1949  1271
5967  2335  3544
4898  5237  2707
266  2107  1893
2472  3370  4655
5272  6414  557
2610  2  4307
2061  3283  5373
6331  1784  2764
590  6166  4564
4498  5145  1554
4809  1772  3235
5126  3235  1773
558  5013  661
4829  2530  2722
5137  1173  1973
5047  2248  2736
4765  4767  1387
1889  1387  4767
2485  5270  4852
5526  2159  3702
3781  6400  5161
1284  2571  204
6132  6164  6440
5047  2736  4143
5197  5500  5643
5631  4706  5921
618  5921  4706
178  5631  5921
5158  5246  1912
1437  2993  3087
6138  2338  5790
6137  3545  717
4863  4397  1484
6152  2856  2131
2039  532  5466
5805  735  2814
3211  4179  3236
1733  4616  4617
3991  2633  5770
2214  5319  4173
2718  1064  6144
5941  3083  1037
1974  5954  5864
3464  5678  5120
3478  168  2499
717  3545  3785
2690  3064  29
2216  1559  860
2549  3192  3026
4179  5566  5239
3192  2549  3872
5566  4179  3210
1386  75  1021
3026  5298  2549
1889  1764  4042
5031  3109  6282
940  4402  1248
1067  6384  2214
3432  940  1248
5906  1445  1983
1445  508  1983
4405  3909  5598
1560  3678  4532
4405  798  3909
4902  3776  2548
6190  3776  4902
6387  3001  5701
1979  5701  3001
1555  4564  5867
2637  2975  2486
4180  2486  2975
2222  3492  1970
5149  5564  4091
5374  3493  4437
4960  2389  5528
3552  4813  3551
4508  2801  929
5036  3187  1545
4686  1127  4687
5030  5485  132
3118  6284  3110
224  3079  5397
6130  6088  3111
5634  3226  3917
2736  3069  4143
3087  1550  5570
4431  6375  3087
6374  2775  6142
2386  3372  2101
5430  5907  4404
6147  2715  2782
5462  1773  5461
3046  5460  3045
506  5639  4679
2607  2608  2032
466  4550  2418
3284  3281  1535
8  1535  3281
3750  2816  579
1067  3214  6384
1170  5745  5398
4846  5773  862
1051  6316  3539
3116  5118  6285
1170  115  3391
3402  5118  3116
1215  5430  4818
1669  1704  3794
755  4404  6392
1723  110  3997
3055  6001  3281
318  6188  445
2771  2107  2251
4533  4647  1193
3284  3055  3281
860  6373  1062
6143  59  1101
789  4468  6192
789  1475  4468
4586  2737  1983
4586  3884  2737
1695  2236  3227
3549  3557  5017
6331  3549  5017
2765  6331  5017
2948  5928  2854
924  4552  464
4128  2676  1029
3657  1029  2676
4743  4911  5804
3307  5572  4408
6427  5572  3307
2308  5132  3625
3625  5132  1770
204  2571  5156
5525  5561  4172
2005  2217  5319
5672  2004  159
2265  5115  2786
4173  5319  2217
5561  3727  4172
652  2987  240
5561  1968  3448
4609  2801  4508
1704  2573  3741
6158  3853  6157
4903  4233  6170
796  2344  4412
665  6247  738
3668  564  357
3306  3372  3048
590  822  815
778  4038  5871
3571  2784  181
1427  3728  3555
1777  1909  3411
4649  668  617
3372  3306  3305
1409  5520  327
4861  859  1623
2599  4263  626
1947  530  6256
2720  5290  5246
2395  4610  1251
1297  5802  2036
166  1963  368
4830  3888  3921
5020  3548  3309
5020  4000  5311
1689  5953  2337
5953  1689  2136
4415  1841  2556
2033  5392  4899
5091  4305  1950
91  5387  2727
5394  4400  848
1621  1840  1841
55  2583  3571
5020  3309  77
1000  6400  4343
3377  5133  5359
3448  2216  4226
3080  664  4134
3445  4512  4508
2724  2688  4598
4956  1838  1625
2238  625  1969
1969  3533  2238
3450  169  3477
2153  4094  715
3378  4959  5644
312  1156  5700
6052  3570  2489
5135  463  3800
2713  3775  2572
5135  5139  5133
5600  2736  2739
2449  1248  4402
4898  1536  3296
2686  2687  2684
2611  2679  4051
4900  1899  996
3748  580  2798
1833  3545  6137
1327  2617  3712
2851  6441  5905
4302  667  1628
5318  6282  2915
6282  2917  2915
2253  2611  4958
3018  2418  4819
3519  3949  2688
1621  1620  1840
5031  322  6044
5319  2214  3734
6399  4685  6068
4552  5099  1211
6434  5958  5524
6258  1760  469
3479  4366  5112
3749  4133  6243
335  236  5732
5242  6329  389
3310  5732  236
335  5732  396
6053  6285  2817
5018  5572  6427
3955  448  1928
5502  1199  5458
2027  5391  1160
3395  1297  3396
6130  4137  3438
5732  3310  1047
3480  5639  506
4449  1471  3699
3438  2215  6130
4400  5394  3082
4231  1789  702
5772  4363  12
1474  1548  669
4568  5465  994
3005  994  5465
168  3820  6171
982  983  4398
2451  3777  5144
2416  3751  4259
5840  6186  4698
4851  3437  5370
2190  4435  3465
1133  3296  1536
5838  1056  6165
3733  3290  2766
1056  2708  2473
1805  5394  3399
3795  5373  3283
3572  3283  2061
3499  160  2905
216  4900  3845
3544  5971  5967
272  5634  3854
5864  1975  1974
4584  1456  5522
5772  2429  4363
3499  2905  2902
4509  884  6074
4824  2037  4578
4142  768  1326
4491  1818  4121
1133  1536  4400
5082  937  4267
4898  3296  2706
150  2846  4135
3612  6230  6231
4816  2719  4547
3903  561  790
2545  4267  937
1538  167  6392
2265  6326  5115
1542  4342  4575
2618  3225  4144
4309  1444  4353
929  2801  4907
1283  3877  2368
4377  4652  12
4265  5922  1724
1731  4265  1724
929  4679  3445
82  3921  496
2245  1817  4139
2851  990  6441
1051  3539  4512
4347  5048  78
5352  2726  1174
3819  799  1495
2524  533  3618
4234  361  3673
325  4821  4038
4234  563  360
778  348  4038
2391  5042  2213
4679  175  3445
3655  3656  3905
2815  1926  2498
5245  928  3737
5925  765  2847
3876  2251  2107
2944  2976  6164
924  464  2976
227  17  4817
2391  5385  5042
5245  1034  3738
3708  4681  27
5540  5968  5547
5188  3080  2028
3700  4699  5399
1924  3026  3192
2715  4232  4289
3232  5739  2029
5112  4366  3221
1555  3492  590
414  6184  5608
5608  6184  1771
5484  536  3614
4653  2684  2732
2732  771  772
5600  3681  4433
2739  3681  5600
5133  3377  462
3466  548  3910
2614  2369  86
1483  2728  6248
73  3118  3110
768  3743  129
2030  2022  2811
3598  5449  538
6436  2159  2808
1967  1966  5128
1967  2488  1966
6070  5926  4206
497  3118  2450
4266  1723  3997
2809  60  3782
4266  3997  3276
4211  2397  2070
498  4488  3534
2457  3474  3218
1907  3731  4227
4209  3534  3528
2450  3118  73
2855  5749  705
3211  3236  3213
3078  1213  5736
325  506  5093
349  4038  348
1057  4192  5479
325  4038  349
3078  2033  1213
416  2635  2863
16  3213  3236
6391  5391  2027
2985  3297  5628
5465  6168  3005
4210  629  4304
5048  4858  78
2607  2979  5735
6235  1895  1821
163  1689  2160
2573  3556  3741
3613  6322  537
5599  3440  1835
4142  4402  940
460  1698  6417
4903  2256  1783
318  3440  6188
797  1175  2415
4504  2152  2989
6375  2718  1550
5431  2383  4814
2245  4813  5954
4302  3745  667
2639  184  2638
2132  5148  2422
2420  991  1449
1427  423  6080
1449  1448  2420
847  4738  1805
1805  4738  1128
4177  4232  4396
3118  4903  6284
4416  6255  2218
5139  1424  5138
5608  3062  414
4607  1484  990
5562  1775  4306
5703  3373  3371
4435  2190  5752
1024  4233  1783
819  4526  4396
4306  1775  443
1927  1130  1134
3976  3373  5703
6284  1470  3110
5127  1470  1965
4772  1470  6284
5175  5125  5172
3301  4230  328
5196  5527  1664
1664  5527  1654
2686  2684  5375
6052  2489  6051
5075  3485  3486
1735  4651  1944
179  5315  5489
446  3796  2734
5756  5315  179
13  6071  1
2481  1277  3678
4352  4750  861
2557  5619  5390
2678  2814  735
6139  2814  6228
266  1893  1820
6370  5807  714
2031  2243  2242
2243  5203  2242
6328  5817  5908
1488  6002  5542
2585  6001  6002
292  5563  5289
6169  1249  4751
1172  1691  1249
5312  4831  4705
2771  4575  1900
5044  5837  2027
2027  5837  6391
2766  5747  4307
5541  669  1548
3733  2766  4307
3965  3987  1721
216  3523  217
4354  4742  1899
2446  2252  5708
5454  1426  4432
4340  5141  2948
4689  4688  2522
5244  3023  3294
5431  4672  1126
5316  1296  4671
820  4912  1769
860  1559  6373
3284  6003  3055
117  5179  2027
411  3078  2806
2863  4951  4339
4566  4912  4176
698  5926  2985
927  2529  6185
3930  538  3272
4912  4566  1769
1251  4610  2219
5474  3554  698
397  398  5738
5794  172  3709
1251  2219  4822
1328  3995  1025
229  5431  1126
4904  849  4614
759  756  765
1167  564  3487
5953  2136  5633
5953  5633  3521
5461  1772  5460
534  533  2524
11  3442  331
927  1688  2529
3572  5696  1980
3533  3947  1688
3533  1688  2238
2529  1688  3947
5905  4571  2851
3233  5479  2138
3193  2138  1907
5  2949  2414
1627  508  2298
3884  4586  3052
1447  4822  2219
705  5749  2114
3475  2338  3476
562  3659  347
562  4261  3659
2779  6147  2782
3785  3545  1325
471  3483  274
3903  346  3461
3706  1920  5818
1920  1816  5818
1920  3706  5427
948  2480  884
6074  884  2480
5750  5499  2852
4512  3222  4510
4512  3223  3222
444  6308  2723
1195  2613  2852
716  76  183
716  3786  76
859  2264  3384
2264  859  1165
2456  2750  1547
2456  1547  1815
6182  4504  2805
6176  6182  2805
1195  2852  4525
1474  4365  5051
1474  2945  4365
179  6396  5756
2848  6396  179
2725  2848  179
5750  2852  2613
3883  810  3469
6324  3883  3469
810  2028  3469
3228  4047  4957
5936  4047  3228
1466  2452  3113
2732  2735  1466
1466  2735  2452
5825  5800  2065
3716  458  3684
1158  6137  4494
4501  1158  4494
3312  5377  3553
4432  5377  3312
634  3684  165
1474  669  2945
2183  1155  4908
2183  3470  1155
356  2457  795
356  795  3664
5742  710  3394
5220  1269  5742
3394  5220  5742
655  5745  3677
5018  6427  5568
3676  6257  700
3676  700  4558
2018  1003  5623
1307  2018  5623
1769  368  1963
3882  760  5023
1894  2420  1448
5933  5934  1157
1535  731  3284
731  1535  1085
1699  4266  6236
3084  1008  6086
1008  5801  6086
6169  5804  4911
4950  926  3612
3612  4968  4950
718  774  4137
2241  774  718
6244  3475  3805
6244  2338  3475
708  2260  709
725  5190  5183
1451  3060  5021
5021  3060  5022
2147  4337  3225
4337  4311  3225
1687  1444  4309
712  287  4051
1492  5523  1736
1736  2726  1492
6378  5923  3775
2354  2618  1191
2232  2388  1404
2388  3020  856
1404  2388  856
2544  2388  2232
3612  6231  6211
6231  3058  6211
3669  5195  3268
6072  1786  6069
1088  6069  1786
3571  3597  55
3444  2348  4953
1246  3444  4953
3444  1246  6254
5755  2616  3444
5755  3444  6254
3444  2616  2348
4770  1175  797
5924  4589  2333
19  3289  3056
3289  19  3733
1034  5245  3737
1740  2247  3972
1496  2247  1740
3972  2247  3129
5747  2766  1739
1159  4499  1776
1159  4503  4499
1702  1237  1316
1702  4691  2702
4691  1702  1316
1900  5028  2107
2771  1900  2107
3271  3270  5376
5376  3270  6131
5376  1537  3271
1282  4001  3299
2340  5353  210
2340  2391  5353
1898  4830  5989
2100  2101  3372
3372  3305  2100
3085  2866  2586
2587  2586  2866
1665  5520  1777
6073  1026  4464
1026  6073  2708
3711  55  3597
3676  3858  1562
3910  6393  5186
4774  6393  548
548  6393  3910
3571  181  3597
271  6393  4774
5607  1820  4815
4105  1665  1777
1605  2341  2414
1972  4842  5546
404  1792  109
1792  404  4910
4002  4097  6039
4002  6039  2493
6069  3538  1984
6069  1984  5844
5389  1178  5219
5389  5219  2563
5222  2185  5219
5222  5219  1178
505  5679  3450
5091  3450  5679
3450  5091  169
666  3796  1628
4850  4864  4905
2189  4901  1410
5928  5717  2343
5928  2343  4647
1544  2524  3618
3220  4670  326
3662  326  4670
3387  3386  1622
3387  1622  183
1622  4049  183
4924  3701  1791
5182  1791  5056
5961  3809  6083
2332  5182  5056
3809  6241  6083
5277  1539  5518
5518  1539  5271
3538  1088  6181
6069  1088  3538
3538  6181  6070
5581  3081  6159
4566  368  1769
5149  4091  2724
3519  2724  4091
5351  2495  2188
5351  2382  2495
5471  4680  5038
2333  4680  5471
4590  5528  273
2387  5527  273
4590  273  5527
273  5528  2389
2322  211  5851
3378  5644  2262
165  3792  5645
5990  1192  1191
5524  4824  4349
3408  4962  6233
1262  1259  4064
2609  5506  2612
1452  5506  2609
2153  5956  5216
2153  5216  5941
4905  5577  3815
4905  3815  4850
5795  3815  5577
2946  3675  813
6436  1480  5076
2159  6436  3702
3702  6436  5076
2613  2369  5750
2214  6384  6382
1375  886  2133
2814  2678  1052
2903  5699  4796
5241  4796  5699
4462  851  440
3006  6389  2637
4462  3957  851
6081  2671  6315
452  629  455
452  4304  629
1161  4498  1162
442  98  1197
1197  1606  442
619  208  1478
5506  98  442
3234  1544  1534
5476  3234  5477
3234  2524  1544
1534  5477  3234
2705  647  5310
647  4769  1385
4769  647  2705
3804  470  4834
4046  4495  714
4130  5024  3466
3466  5024  5310
1478  208  4854
1572  4687  1127
3899  699  4770
4770  699  1175
5999  6227  879
5999  6008  6227
6000  5999  879
3905  1495  3899
6008  5999  551
648  1325  4952
648  2266  1325
1024  6283  6054
1024  6328  6283
2339  1732  2802
2802  1732  5154
2339  2802  3279
4124  886  5030
1082  3491  6084
6084  353  3473
6084  954  353
4853  4500  4766
4853  4499  4500
358  3906  20
2264  1165  2300
5468  1910  4584
1910  1456  4584
4584  5042  5468
4584  2213  5042
3950  3397  3396
2864  1453  2865
2864  2865  4414
5777  3266  5776
3266  5966  5776
1067  726  3214
726  58  3214
158  3374  25
3374  158  2570
6400  1000  5161
220  5970  4287
4496  5372  1379
6072  3157  1786
4918  473  5539
292  135  3190
2949  5994  3295
2949  3295  2414
1180  2908  5968
4836  1540  6040
1540  3259  6049
4836  3259  1540
1730  418  410
1884  1543  6423
1543  1988  6423
1561  3390  2066
1004  3390  1561
1727  1730  410
2066  5621  1561
3263  4695  3264
2633  3264  4695
5927  2681  5696
3572  5927  5696
5954  3552  5864
5402  458  3716
5402  2212  458
6055  5402  3716
2218  6255  16
2897  4844  5433
620  5599  1835
6141  5803  907
79  1623  3385
4004  858  1276
2399  858  4004
3856  4559  1559
6258  461  3796
6258  469  461
2912  4006  6050
4370  1166  5396
4370  6035  1166
3630  3680  2997
415  6385  3439
3630  5270  3680
5319  3734  3624
1696  4373  1278
1696  1278  5058
1696  3262  3994
1696  675  4374
529  6227  5863
5863  6227  6226
989  1449  991
991  5072  989
448  991  2420
2902  6041  1390
3499  2902  1390
3818  4583  2544
3818  2568  4583
1086  660  1458
497  2683  5903
497  5903  4906
1742  5507  5578
3914  5187  1025
3914  1025  3995
403  1104  79
79  1104  4205
5995  5570  6183
619  1478  3826
3138  4613  311
3137  4613  3138
3216  479  472
3053  721  5454
3053  1595  721
220  4287  4
3542  4044  2263
5499  2849  2188
1425  3018  4819
3018  1425  3547
5836  4181  1111
5836  1111  3679
4695  3263  160
3210  6386  3292
2434  4260  2433
818  3292  6386
5499  4866  2849
724  4840  3629
724  173  4840
60  5872  3208
2952  5872  2809
2809  5872  60
755  5481  30
3263  2905  160
6392  2011  755
2011  5481  755
4438  5690  449
2129  6372  5476
3574  792  4132
792  4128  4132
3223  3445  175
5041  720  1913
3190  3398  292
2426  1945  2434
5597  1494  865
4525  1494  5597
2495  5500  1494
1494  4525  2852
5499  1494  2852
2397  4211  2396
2230  2114  2614
2614  2114  5749
5749  4866  2614
1628  446  6251
3873  3233  133
1057  3233  3873
1030  5582  3576
1030  3430  5582
2577  3547  6246
3744  6246  3547
1925  3382  5822
1925  5822  5086
3023  5244  2951
5244  4263  2951
5395  3554  4927
5395  698  3554
3186  740  5423
1196  740  3186
2848  3186  5423
415  814  4532
1444  4090  4353
3286  1778  4505
4505  1778  4132
2799  3574  1778
2799  1778  3286
3574  4132  1778
5849  4146  5955
4146  4061  5955
111  2677  1151
716  183  4049
5842  5841  2707
6399  2707  5841
1883  1892  1986
451  4489  4208
1883  1986  1686
3677  3391  5081
6372  760  1947
1947  6256  6372
5290  2720  5294
2521  5294  2720
5775  4506  3057
1308  5068  5565
3707  6082  6235
2995  885  1705
4287  5315  4
3680  6189  3703
6189  2485  5637
3703  6189  5637
2980  4104  92
6083  5096  5097
2313  1571  3963
2313  3963  857
883  1571  2313
1727  502  1728
4491  3153  1818
3281  5071  4325
3287  6139  6228
3287  3902  6139
335  5989  1603
3209  1101  59
4134  2065  3674
4134  3674  3670
819  1101  3209
5178  2022  2030
57  5628  4684
2032  2608  2602
3217  3443  330
1432  5198  4816
6143  1101  819
998  993  2254
2254  993  589
6397  392  2601
6397  391  392
2601  2598  6397
3431  5031  6044
3698  655  3677
130  3882  1028
1922  1028  1905
5288  1028  3882
4125  4131  4436
1629  4436  4131
3851  5933  1156
2106  6089  4577
5043  6089  2106
389  655  3698
4557  6257  3853
4557  3853  4175
5197  3293  943
1661  943  3293
5221  4502  1620
4502  1840  1620
3878  857  3879
1422  161  422
1422  422  426
6143  1060  59
3136  6040  4897
4897  5636  3136
5634  5243  3854
5243  405  3854
2600  3854  405
3431  154  3109
3817  4727  536
4727  174  536
363  360  563
5965  3264  3991
4615  5084  3275
4099  4615  3275
1055  5276  5032
1493  4619  4618
6331  1047  4277
6331  4277  3549
1278  1493  4618
1684  5355  1902
5795  329  3815
5795  5799  329
2987  239  240
2025  1727  410
410  418  3827
4418  2995  5088
885  2995  4418
3827  1797  410
4949  5971  4211
3544  2396  4211
4446  3468  5799
4446  3697  3468
3544  4211  5971
3791  2258  1619
3467  4068  3132
3467  5960  4068
1708  2476  1003
1555  5867  2998
5867  2999  2998
2474  1006  4420
3024  3229  4958
1459  4588  224
2321  2862  5547
2321  5547  5968
4057  4060  3788
2975  2637  6389
59  1060  56
4433  5909  1781
5909  4433  6173
2853  4433  1781
1160  3702  1321
3392  117  1160
742  1903  2251
1542  1903  4355
4355  1903  742
4670  1943  3662
561  4444  1629
561  3486  4444
3799  1319  2680
1319  3799  3800
5677  1319  463
3898  559  3904
559  3664  3904
356  3664  559
14  4484  3373
5180  1790  3227
3227  1790  1695
4703  3792  713
4703  713  312
3081  5581  4127
4127  5581  3842
5629  2976  464
5629  464  5901
5740  3821  5171
394  5539  3821
5171  5172  5740
3071  3787  4057
3373  4484  4487
704  200  201
6043  200  704
1701  3224  5705
3973  1701  5705
5705  3224  3974
2719  777  2419
4547  2719  2419
5431  2382  2383
3534  4209  6395
3672  357  6140
3049  999  3022
5599  3736  445
3736  6133  2833
2833  2820  3736
2820  445  3736
2747  4648  6417
928  6417  4648
1698  2447  6417
6417  2447  2747
2234  2432  4873
4873  2432  4260
3672  6140  3824
1245  1244  2808
3109  154  4141
3109  4141  1378
3875  2847  764
135  1272  2847
135  2847  3875
2014  1990  2022
2014  5455  1990
4303  2183  4908
3368  2855  5996
3368  5996  2849
3368  2849  4866
5836  4178  4181
3598  3930  3825
26  4915  4743
4145  1626  1839
3047  5461  3046
5461  5460  3046
5462  5461  3047
1990  5746  5929
1990  5455  5746
5148  5293  4126
4228  2497  1596
4228  4745  3052
4586  4228  3052
1596  4745  4228
1312  3773  2226
1804  4437  3493
4151  5501  4152
3976  3463  3373
3975  3463  3976
4904  3962  849
6068  3962  4904
6326  4587  1942
5115  6326  1942
6326  2630  4587
162  815  4294
162  6166  815
1819  4766  4768
935  4871  5579
5579  4871  5866
4871  3989  5866
1464  3731  3780
1464  552  3731
662  1539  428
1440  983  933
983  3526  933
5433  671  2867
5433  4844  671
1819  4853  4766
635  3537  3532
3379  1179  635
5238  6355  4751
1691  5238  1249
1249  5238  4751
6327  926  4148
3054  4513  2869
4513  1919  6004
4513  6004  2869
2747  6133  4648
2833  6133  2747
178  5921  3112
5921  2982  3112
2812  1320  3809
112  1818  3153
2603  4817  5962
2603  5094  4817
3809  1320  3806
4057  3788  3071
5741  3695  5526
1106  504  4204
504  1106  4032
927  6185  4843
6071  13  4276
6185  1261  4843
90  4276  13
4754  6160  4212
4212  1979  4754
5124  1979  4212
4300  54  62
4300  1059  54
62  3597  4300
4042  4058  5217
2009  3732  1487
2009  1487  6313
5704  763  138
112  6190  1533
3157  6190  112
1694  4403  5837
3844  1694  5837
2028  3080  3665
3080  5478  3665
5862  4278  5820
3189  132  3194
5030  132  3189
1214  129  3743
1214  3798  129
134  2365  2422
134  2422  3191
4107  2416  3901
3901  365  4107
3627  6157  3497
6157  6257  3497
567  3673  314
3673  3747  314
792  567  314
2675  6159  3081
2479  5844  1984
5845  2479  1984
3538  5845  1984
1382  1040  1037
4058  1382  1037
2472  2471  3370
4439  5017  3557
4439  3557  3556
2544  4804  4582
2544  4582  3818
2232  4804  2544
852  440  851
466  1971  4706
6187  5160  4378
6187  2425  5160
6376  5239  4573
3525  1813  1244
3525  214  1813
3727  2704  5143
3727  5143  5884
3727  5884  4870
2491  6146  3571
2583  56  2491
6146  2491  3594
2157  1810  2817
5772  2430  2429
5772  864  2430
3130  2379  1911
3130  2182  2379
408  2379  2182
6288  4653  3113
3570  4653  6288
5147  5704  5707
5707  298  5147
4818  5015  219
4809  4818  219
4462  4235  3957
4098  413  652
22  413  4098
3613  845  3710
1987  3613  3710
4862  4859  3403
5569  5691  1437
1437  5691  2993
3435  2910  1815
3435  320  2910
723  115  1170
5622  723  5398
1655  1690  3079
1655  2010  1690
1199  116  5458
1383  4680  296
1655  1472  2227
3547  558  3744
4482  558  1428
3079  1472  1655
5125  5740  5172
877  770  1407
2818  2392  5870
205  5964  2392
2392  5051  4365
5964  5051  2392
4139  1817  4138
2596  1029  3657
6280  153  3434
6280  3434  3704
4850  1951  4864
3656  3655  274
3655  1066  274
4066  1406  1654
1389  2729  5113
5503  2729  1389
5527  4066  1654
6281  5580  4851
2596  3657  531
2572  3775  58
2572  58  726
6387  938  53
938  3215  53
2113  821  1668
2113  1668  4749
1668  821  1692
2323  6281  4851
1769  6153  820
6153  3207  820
820  3207  5998
4607  2578  993
589  2578  990
2769  395  5129
4110  395  1471
4110  3825  395
5819  1479  3735
3406  5819  3735
173  4093  317
2635  416  2634
1740  2393  4617
1733  4617  2393
1740  4646  2393
952  1733  2393
2367  393  2296
3953  2367  2296
4576  3524  4342
3661  3491  3490
3661  954  3491
4576  4342  1542
4108  218  1811
4108  1811  3309
4527  5470  2189
1145  5026  1598
5026  1145  3025
276  2365  5904
276  5467  2365
5467  276  3959
4576  4355  4356
1542  4355  4576
2557  1981  5942
2557  5390  1981
3005  6168  1267
4371  5870  2945
4352  4398  1440
1440  744  4352
703  3631  318
818  6386  467
467  6386  1079
4262  480  474
5429  2545  3956
2473  5839  5625
1056  2473  5114
2473  2708  5839
3820  5194  3808
3820  3808  2733
3820  168  5194
6237  3576  5798
2898  310  2576
2898  2576  197
4139  4419  2245
2245  877  4813
4914  5175  4919
4914  5125  5175
1446  4747  1441
4747  4351  1441
2851  4571  589
625  3230  3226
2336  3633  4093
4960  3498  15
4960  15  2389
171  3714  3803
1495  6135  3899
701  3714  171
5739  502  2024
1483  3230  625
3681  2739  2738
1660  2340  2669
5818  1816  5469
5469  1816  1604
799  6135  1495
4856  4855  3617
4435  5157  3465
5157  4435  1606
3819  1495  18
2548  3776  3993
2548  3993  3381
3993  5997  3381
3993  3776  5997
2335  5967  1089
799  2816  3750
799  3913  6135
114  3917  3230
5773  2638  862
862  2638  184
6007  6008  5771
6008  551  5771
5771  3991  6007
551  5966  5771
5291  4269  5246
1912  5246  4269
1483  114  3230
5961  6083  5097
4872  5961  5097
5961  4872  1742
1465  2233  4121
5177  2233  1465
2243  1465  4121
3226  3230  3917
4407  5455  2014
2494  2862  2700
443  1775  5565
3877  204  5384
4100  24  4747
4100  2324  24
1405  1982  942
4590  5196  4581
4590  5527  5196
4305  4868  1950
4867  4868  4305
3846  2563  2185
2457  3218  795
332  5095  331
332  331  3442
5090  5797  1779
1177  636  6087
4032  636  1177
4032  1177  504
504  1177  627
5402  6055  2258
2212  5402  3791
4442  4121  2233
1596  2497  5149
2497  5564  5149
2497  4345  5564
2497  2298  4345
2069  326  5796
2631  547  5544
519  163  4748
4585  3996  5519
6193  2473  5625
5625  1832  6193
2473  6193  5114
5484  3614  2134
2134  3614  758
3278  4264  1485
4264  1731  1485
4264  4265  1731
4264  6167  4265
2249  4140  156
2249  156  1547
5845  4206  2479
2479  4206  2471
2682  1468  5631
568  1468  2682
5055  2764  1814
1814  2764  6413
5055  1814  3274
1814  6413  2255
1814  2255  3274
6399  2476  1708
6289  3116  6286
4214  4207  80
1987  850  3958
1989  2250  2448
1989  3111  2250
1989  2448  718
1838  1626  1625
822  590  2552
822  2552  816
5627  4909  5624
1006  4909  1005
5627  4899  4909
4909  4899  1005
3921  2721  4830
2183  4675  5356
2183  4303  4675
1130  6319  4845
6074  6319  4509
6074  4845  6319
797  2415  794
797  794  2813
2530  3308  2722
5690  309  5054
3308  429  2722
4672  5041  3988
5041  5603  3988
1421  426  3548
1421  3548  5311
4370  2901  6035
4846  862  971
3025  1556  5279
5457  3803  2423
170  5457  2423
3803  5797  2423
397  5738  4669
443  5565  2781
2951  1482  1266
5035  5698  2008
2158  2951  1266
4052  4413  1164
444  4363  5571
859  3384  1623
3385  1623  3384
3789  5381  4059
5222  3789  4059
2261  4701  87
879  4497  3063
4497  529  729
3665  1329  3469
3665  3469  2028
4671  2776  1549
2776  2778  1549
5316  4671  1549
1008  3084  1976
4234  360  361
4743  4915  4911
1442  4911  4915
1442  1812  4911
2263  811  3542
1321  3702  5076
584  5051  4096
5964  4096  5051
1246  5716  1535
1535  5716  1085
2333  4589  296
4646  1740  3972
3017  5034  4492
407  498  1768
2391  1991  5353
1991  2391  2213
1246  8  6254
730  6254  8
8  3281  4325
5750  4866  5499
2240  5742  1269
5742  2066  1788
1277  3003  4532
3003  1277  3626
2770  1165  2562
1738  2726  1736
1174  2726  1738
5801  2021  6086
2021  723  6086
5622  6086  723
5938  1178  5389
2135  6194  1908
1154  327  2189
5521  2388  4583
2544  4583  2388
2428  878  2493
2428  2493  6039
1473  3191  5148
4213  1768  498
3701  1558  1791
5056  1791  1558
5799  3468  329
624  3701  3393
3393  3701  4924
4499  4157  1776
4405  791  798
314  3747  2676
792  314  2676
3657  2676  1081
3810  4694  172
796  6136  2344
796  10  6136
172  4694  4704
675  672  4005
86  2369  733
2568  3818  3401
5957  3847  659
358  564  3906
2231  632  5648
632  2231  402
2812  5578  2668
927  4604  4065
4604  927  4599
927  4843  4599
1897  1460  5201
529  879  6227
6154  1555  2998
1555  6154  3492
6082  4064  1683
4064  4569  1683
2713  2572  4310
5815  2853  319
6148  328  4230
4374  675  4005
3696  390  2605
1456  1910  5563
211  1554  4153
5184  4153  1554
3950  3949  3397
3284  5494  6003
394  393  2711
4414  2865  4350
2572  726  4310
274  3697  471
3697  5769  471
456  4304  452
456  80  4304
4485  1701  881
4485  881  1150
2560  2565  3841
3374  2570  821
1691  2570  6355
2068  5640  4957
2004  5058  159
5146  7  6226
6229  3282  5146
2558  5751  5619
5619  5751  5390
2804  3058  3061
3058  2804  6211
480  3441  2455
3700  4910  3954
404  3954  4910
774  2241  3738
2254  1988  998
4651  4004  1276
2026  5391  6391
5423  6162  2181
2995  5689  5088
5243  4928  5162
269  5200  3524
5032  5276  1556
1556  936  5032
5671  2530  417
417  4828  5671
3115  629  4210
3137  5578  5507
5507  4613  3137
4401  3918  1021
2634  416  5774
2863  5774  416
5187  1040  1025
4609  3539  6316
80  4208  4214
4230  528  5872
5872  528  3208
3206  3208  528
3380  2671  952
952  2671  1733
6235  4359  3707
2950  2366  761
5197  4531  865
5500  5197  865
5597  865  4531
5500  865  1494
5243  5162  2030
5791  3808  5194
3290  3733  19
84  3072  4229
2613  4229  3072
1198  84  4229
4263  1789  2951
1482  2951  1789
6258  3796  3550
3447  4346  2492
2481  4006  1277
2481  6050  4006
5043  1883  1686
1686  6089  5043
4867  4618  4619
4867  4619  4868
185  3741  3742
1155  1476  2940
3376  958  17
5757  3698  5081
3712  2943  1327
4765  1551  4767
4765  4771  1551
1919  1942  6004
1942  1919  5115
1942  4587  6004
5157  4835  3465
2265  2786  3268
778  5871  3446
4436  3748  2798
5483  5394  848
3399  5394  5483
6282  1377  2917
6282  1378  1377
2917  1377  2918
5494  3284  731
1086  1458  5865
1316  1237  3149
1458  5014  5865
2335  4377  670
3570  6288  2489
4260  1948  4873
442  5752  2612
1404  856  740
740  856  5423
4801  1475  5932
6194  5862  5297
5775  672  3730
4178  5503  4181
5503  1389  4181
4099  3951  4615
3136  5636  5473
6171  4834  3484
3804  4834  6171
1163  2564  3851
2565  2564  1163
2863  4339  949
2152  5923  2989
1785  2013  5991
3740  777  2719
4654  1966  3004
3910  3909  3466
2386  3048  3372
1599  2386  5355
130  1922  5630
566  4450  762
853  4450  566
1543  3708  997
1543  997  1988
3662  2670  326
1022  5940  5186
271  1022  5186
2864  2632  1453
4837  4917  5991
4151  5849  1164
4151  1164  5501
5178  2030  5162
4837  5991  5803
2601  1787  2598
1787  5181  2598
6312  5433  1490
4109  6312  1490
82  2158  4272
3023  2158  82
232  742  2251
232  2251  3876
1629  3748  4436
1629  4444  1147
3748  1629  1147
5427  3706  3044
5427  3044  167
1920  5427  6184
5427  167  6184
1913  720  3070
1319  3800  463
5135  3800  3797
3953  5376  6131
2296  5376  3953
3699  5376  2296
327  5520  1408
2475  5843  1561
2475  1561  5621
508  1627  1983
4586  1983  1627
1145  1597  3025
1408  5520  1665
3025  1597  1556
2559  5935  2253
2559  2253  3229
1600  1821  5032
4108  3051  218
1063  5754  412
3394  1726  5220
497  2450  2683
294  3133  6371
2250  1698  2448
1698  2250  2447
1442  4915  4434
5176  1798  4910
4769  4501  1388
3914  3995  3964
2485  6189  5270
3529  76  3530
4572  589  4571
4952  1325  3545
3773  5044  2226
5837  5044  3773
948  1309  427
5295  3187  1906
5240  215  5200
5295  2137  3187
2449  1326  3298
3298  1326  129
4840  173  317
4952  3545  1833
4829  2722  1896
6194  5297  4105
4558  3858  3676
2709  2522  4688
2709  1133  2522
3296  1133  2709
3407  5698  1924
3026  1924  5698
3684  458  165
458  3792  165
3297  1565  4684
3023  2951  2158
5180  3227  2236
1220  5696  2681
1220  3952  5696
1980  5696  3952
4912  820  4176
4176  820  4290
4340  5753  5718
5753  5470  5718
3533  2600  3947
3533  1969  272
272  2600  3533
5472  4484  14
949  5774  2863
5454  721  5560
5224  5560  721
3971  3371  4205
5910  4445  864
3971  3967  3371
668  2394  617
617  2394  5078
1895  1607  1821
222  6135  3913
6242  699  222
6242  222  3913
5560  1426  5454
2490  2398  673
3131  4796  2490
4089  4676  2337
4420  6076  5838
6076  4420  2363
6076  2363  1125
3301  328  2714
2714  3114  3301
4173  1061  2214
1067  2214  1061
2009  6310  3732
5910  3732  6310
1987  3710  850
2389  15  942
4533  2854  4647
4530  2854  4533
5928  4647  2854
1458  660  661
4865  6237  5473
4865  5473  5636
1171  4865  5636
498  6395  4213
798  4130  3909
4506  220  3057
2556  1840  85
4502  85  1840
292  5045  5563
5045  3375  1456
3375  5045  1463
5045  292  1463
3997  2677  3277
1151  2677  3997
6257  6157  3853
3751  2416  4107
633  636  2575
4401  74  6324
3883  6324  74
6141  2016  5803
2016  6141  4596
2680  4906  5903
4145  1839  1836
203  202  1381
234  3884  3052
1172  1249  987
2011  6392  3044
167  3044  6392
939  5198  5957
939  5957  659
1432  5957  5198
294  6371  5124
6371  3133  6390
5317  4529  2006
1030  5575  3430
1030  1171  5575
3129  2247  310
3129  310  2898
630  4847  2266
453  2266  4847
2737  3884  3892
4492  453  4847
1452  6327  4323
4148  4323  6327
4506  5970  220
4506  3267  5970
3730  3267  4506
5077  6437  624
5149  4360  1596
4360  5149  2724
4226  2947  2704
5143  2704  2701
2704  2947  2701
2491  3571  2583
1600  4409  1821
1821  4359  6235
1283  1491  5523
5704  138  5707
4110  1471  4449
2341  4466  2414
2494  2804  3061
3696  118  1481
5392  3078  411
3617  4702  4856
3130  934  2496
3130  2496  2182
2946  3569  5127
1691  1443  2570
1819  2798  3919
3919  2798  580
2353  1402  4675
2228  2431  5202
5202  5086  3972
1925  5202  2431
5202  1925  5086
5202  6314  2228
1086  5865  663
1149  1315  907
820  5998  4290
2781  5565  5068
2781  5068  6379
2990  4438  2988
449  2988  4438
4826  237  1460
4826  1460  4827
5567  1943  1944
6309  5567  4651
700  6257  4557
1944  4651  5567
1253  334  1699
4062  4045  3542
4062  4413  4045
635  1084  457
635  1179  1084
2767  4833  3540
4437  2767  3540
323  4833  2767
4048  4049  1622
3594  6147  2783
2783  6147  2779
2780  2783  2779
5524  1481  1268
5524  5958  1481
1658  4582  2003
932  4582  4395
4395  4582  1658
1648  813  4175
4956  5214  1838
112  1533  1818
5049  1741  2427
1741  2426  2427
863  2007  2120
863  2120  2610
2401  1390  4001
3499  1390  2401
1390  6041  3299
2807  328  6148
2807  6148  2778
2002  3828  2601
4144  3225  4311
2005  6156  2217
6167  4092  3462
3994  3262  3267
1696  3994  675
3994  3267  675
1105  4204  409
409  4204  504
409  2528  1105
5277  5119  1539
428  1539  5119
3959  857  3963
2226  5044  2017
3614  536  174
4212  2819  2916
6160  2819  4212
2916  5124  4212
5993  3295  5994
2987  4309  239
4309  21  239
773  3745  5378
4864  5049  3840
3840  5049  2427
3956  2545  2711
394  2711  2545
2768  5543  1540
1540  6049  2768
1701  4486  3224
6141  907  4596
3492  6154  3633
4900  996  3845
4772  3683  1965
3018  3547  2577
5467  854  2365
4873  2221  2234
3365  2234  2221
333  3365  2221
3442  477  4095
477  3442  472
6423  1988  5029
440  3874  131
5864  3552  658
3385  403  79
6174  817  3212
5082  4267  6439
4511  1605  2414
619  1730  3336
619  418  1730
5909  3110  1781
819  3209  2810
3050  3049  3022
1282  3299  1281
1281  6042  3135
3299  6042  1281
6007  3991  5770
3697  1066  350
5053  5605  1403
2907  4068  5960
323  1962  6152
812  757  765
812  765  743
5388  3187  2137
3658  2995  6179
1927  1134  2364
3663  2815  5016
1926  2815  3663
4511  2414  3295
2449  2819  1248
2784  6145  2062
2477  5840  1129
2477  2478  5840
5455  5840  2478
3881  3874  3616
3881  131  3874
5884  5632  4870
3730  672  675
4555  3952  1220
5016  4555  1220
3154  3155  4696
1834  5217  4058
3803  5457  171
4909  1006  2474
4909  2474  5624
312  4275  1163
713  4275  312
3802  3801  177
4810  5126  4815
5607  4815  5126
771  2684  2687
4863  3389  4397
2861  6228  2814
2814  1052  2861
5056  1558  5706
3576  5582  3807
5038  1922  5039
1907  4227  3193
136  5147  930
136  930  3068
776  2588  184
1154  1409  327
2340  4835  2669
2340  210  3465
5031  6282  5318
5031  5318  4654
5129  2244  2769
2244  3271  1537
2244  213  3271
4061  711  5955
3787  711  4061
2400  2633  4695
2400  4695  160
11  331  330
4832  5399  5449
11  3443  3216
11  330  3443
2353  4675  2574
223  2582  2581
223  1548  584
2582  223  584
1548  223  2581
2675  1779  5797
3081  1779  2675
4841  5371  5492
4841  4308  5371
90  13  4443
5902  4443  13
6171  3484  168
3484  2499  168
5176  5399  4832
5176  4910  5399
2031  1465  2243
20  3482  358
708  3575  2260
180  3218  3474
1283  3541  1491
113  1465  2031
1443  1691  985
1009  2702  4691
4959  3024  5644
3024  4958  5644
3522  1245  2808
883  4696  5816
1546  3446  880
5871  6129  880
5871  880  3446
1447  2219  1252
4696  3155  5816
563  2799  363
359  363  2799
3286  359  2799
4680  1383  1922
721  1595  5026
5026  1595  1598
2134  758  931
1728  502  1725
473  5171  3821
394  3821  5740
5539  473  3821
2134  931  4101
96  5805  6139
6139  5805  2814
759  4696  883
421  5201  425
2334  2954  4802
2184  2954  2334
421  5671  5201
5735  6193  1832
2979  6193  5735
547  2630  5544
5544  2630  5195
6223  1455  2366
1131  4465  1455
1648  6158  3569
3154  4696  3960
1545  654  5033
5033  654  2010
5957  1432  3640
775  741  5987
4706  5987  618
618  5987  741
1475  4801  15
3971  4205  1104
15  3498  1475
2387  4839  4066
5129  2569  2244
2244  2569  213
2569  212  213
3392  1321  5076
1160  1321  3392
396  3274  1898
1898  3274  2255
5629  2738  2984
5629  5901  2738
5160  6043  4378
4378  704  1285
633  5678  3464
633  3464  2262
2230  2614  86
878  1171  1279
12  226  4376
6084  3473  2492
6084  2492  1082
2415  5869  4454
4454  5869  6242
5869  2415  1175
6242  5869  1175
205  2818  2368
205  2368  5384
4826  26  237
4826  4574  26
5179  4849  2027
2674  4849  5179
2027  4849  5044
6372  5023  760
5865  5271  1539
5677  4848  4906
2680  5677  4906
2680  1319  5677
2585  6002  1488
4462  131  3195
4462  440  131
1126  3988  3293
1661  3988  5603
1661  3293  3988
4672  3988  1126
3232  1726  1725
3087  6375  1550
5570  1550  6144
4562  5754  816
412  5754  4562
1447  652  4822
6398  4686  4448
1127  4686  6398
4685  3962  6068
4701  2322  5850
2020  2322  5851
2020  5850  2322
1447  1687  652
4822  22  5930
5930  747  2324
5930  22  747
2324  4823  5930
316  4697  2982
316  2982  324
5576  2225  4905
4905  4864  5576
3447  2492  3473
949  4339  5495
4303  4908  2345
5014  5271  5865
5379  5073  2687
5379  185  5073
5073  3739  2687
1401  2345  4908
5865  1539  663
3679  3703  5637
3680  3703  1111
3679  1111  3703
1836  4701  1837
5502  5458  1469
771  2687  3739
854  2132  2422
3817  6067  4727
5904  3879  276
1314  907  1315
94  5141  2980
5141  94  5717
1619  2258  2257
2257  2258  631
1386  2263  4044
1386  4044  5937
5237  5843  2475
5237  2475  5842
3086  5562  4295
5020  5311  3548
1905  1028  5288
3660  351  954
5742  2240  2066
1788  710  5742
2808  3969  3522
1483  625  2728
3660  954  3661
5480  4278  739
2526  1480  6436
1813  2526  6436
3892  3884  234
234  4748  3892
766  2524  3234
5476  6372  766
6372  6256  766
3234  5476  766
3970  881  1701
2346  5702  2148
5990  5702  2346
3973  3970  1701
3878  3875  764
1005  5626  5350
5392  5626  1005
907  1314  4596
3436  5600  5815
18  1495  3905
3656  18  3905
4610  3520  1252
269  3524  4576
4576  4356  269
3594  2491  56
1441  4351  744
1441  744  1440
3628  4416  2218
5424  3628  2218
2321  5968  5972
4858  4270  78
2428  3231  878
5459  4404  755
755  30  5453
2263  5189  811
150  155  4913
4913  2846  150
6308  3131  2723
3970  722  881
6081  4616  1733
4678  4270  5080
2576  3998  4649
178  2682  5631
161  5019  422
1062  4226  860
1062  6150  4226
2919  6046  2918
3904  2813  794
3904  794  3898
4341  1253  1699
2700  2321  5972
2151  3597  6151
1487  3467  6313
3467  3132  6313
4341  1699  6236
849  1376  4614
2809  3782  5873
2804  2494  2700
5972  2804  2700
1812  986  6169
6045  2323  1964
6045  1964  653
5027  1901  1986
5027  1986  1892
5712  3054  5495
6001  5071  3281
5034  3534  4488
5545  858  2399
1276  858  4007
453  1325  2266
453  3785  1325
6190  6072  3776
2710  5997  3776
2710  3776  6072
5746  5455  2478
5608  2603  3062
3062  2603  5022
2603  5962  5022
446  2734  182
5358  3996  5053
5519  3996  5358
1599  5355  3066
5156  1285  201
3661  3490  3286
4680  1922  5038
1906  3187  5036
5196  4123  4581
2737  5906  1983
5201  1460  425
6385  415  4532
1839  2322  1836
347  3823  1219
1155  1401  4908
1155  2940  1401
6385  4532  3003
360  5159  361
361  5159  3489
6230  926  3021
3817  536  846
5863  5711  729
5863  729  529
4211  2070  4949
2943  5711  5863
54  415  3439
316  6161  4697
5031  3431  3109
4954  6433  1558
6439  988  4857
3494  583  2482
1386  5189  2263
560  1250  861
5549  2635  2634
3072  733  2613
3616  3874  440
5507  4612  4613
702  2599  419
5154  3397  3949
3616  440  852
456  451  80
4304  4207  4210
4304  80  4207
3371  4487  450
3371  450  4205
3063  2587  2866
6000  3063  2866
6000  2866  5777
3542  811  4152
3542  4152  4062
1278  4373  1493
1279  4003  878
4006  3626  1277
4006  320  3626
369  3634  6153
6081  1490  4616
3138  311  4372
2908  4844  2897
5471  5924  2333
417  2530  4829
4509  948  884
762  2128  5199
1180  671  4844
3441  3811  2455
4615  3951  404
2339  3278  1485
2339  3279  3278
3919  4853  1819
2613  1195  4229
4412  3902  796
796  3902  3288
1237  1987  3149
1987  3958  3149
4873  1948  1949
1309  4509  2364
2008  5698  1464
1464  5698  3407
4962  4963  6005
4962  6005  6233
6005  3059  6233
1064  817  6144
4293  98  5506
6083  5498  5096
476  1082  2492
4419  770  877
1059  415  54
4174  415  1059
6281  4913  155
405  2030  1552
1021  3918  5189
4917  1785  5991
3387  183  3529
4928  3917  114
4928  5243  3917
3917  5243  5634
7  1327  2943
4824  1685  4349
1165  5939  2562
7  2943  6226
6149  3774  4294
1266  4272  2158
857  3959  276
220  4  3057
5840  1721  6186
857  276  3879
5182  2332  5037
3006  2215  3438
4572  5029  2254
4572  2254  589
5092  4850  3815
6330  2703  3084
6172  6432  4440
1267  6168  1477
2559  3229  5934
2703  1976  3084
2635  676  5548
475  476  5498
5498  476  2492
2913  2215  2486
4441  1214  3743
5798  3576  3807
3497  1562  3627
3676  3497  6257
4405  5598  3666
3666  4261  4405
4340  2980  5141
1628  3796  446
2993  2994  295
4504  2988  2805
1463  292  3398
3597  181  6151
5955  711  4410
5161  3022  3781
3050  3022  5161
3781  3022  999
156  1815  1547
1777  3411  6194
6194  3411  1908
156  3435  1815
399  1565  3297
1648  2946  813
1695  1790  118
1695  118  2606
457  3729  221
429  3847  6191
6191  5957  3640
1009  1008  1976
1461  4002  2493
2616  6240  2348
6240  2616  5755
2784  3571  6146
5777  3085  3265
3521  5633  4090
4089  5953  3521
2708  6073  5839
3301  3114  5998
202  2901  1381
5824  5089  5792
5089  5824  3365
6165  2474  5838
5838  2474  4420
149  4135  2846
995  5989  2721
995  2721  4272
399  6070  6181
2906  4097  674
674  4002  5134
4097  4002  674
1618  4167  5956
5216  5956  4167
2063  5050  2035
2035  5050  151
2611  287  5647
5647  4958  2611
287  2611  4051
6397  2598  5181
4951  2864  4414
4504  2989  2990
5354  1991  2213
559  4411  356
559  3752  4411
559  3898  3752
5402  2258  3791
2990  2988  4504
5045  1456  5563
5026  3025  5729
5221  4301  4502
4502  4301  1776
2868  3056  3289
5026  5729  5224
2493  4003  1461
1805  3399  847
4003  677  1461
1797  2025  410
5647  287  5646
3480  506  325
3480  325  349
5646  287  2259
353  954  351
1982  2387  2389
273  2389  2387
420  425  1460
955  4505  793
3286  4505  955
4773  5310  5024
4232  4177  4289
6  6136  10
6  4466  6136
2003  4582  4804
939  3740  5198
3404  1662  6245
5622  176  6086
333  5089  3365
468  2249  2750
2249  468  2419
3193  4227  133
1002  1265  4577
1776  4301  1159
4843  1261  4599
5821  5240  269
5240  5200  269
3470  5357  1155
1001  5821  269
3901  362  365
5140  137  3887
3887  3  5140
355  3472  3477
3450  3477  3472
1219  3472  355
3337  3859  5410
2150  5949  2966
4997  5307  2659
4154  4778  6115
2755  6422  2180
5262  3940  2834
1140  1141  876
4753  4282  4719
1859  4427  4657
2890  749  972
5364  5040  1664
2053  1680  286
5255  3768  2828
1875  3711  62
5949  5858  2318
2172  4968  2171
5326  4989  2662
2890  2667  4470
1073  3651  6348
2774  1368  3756
2059  2304  2054
49  643  2829
1205  3011  1218
3983  3620  2757
100  2096  509
4224  4085  4017
4283  646  5234
1849  5107  3567
2371  2372  1347
6407  2550  5083
5585  4114  5596
3367  869  3356
1612  1347  2372
6273  2899  6278
6345  1310  582
2175  2178  2581
5250  2197  5534
2126  4298  1187
1750  2970  2790
6098  2591  3127
4163  1680  1313
4034  4298  1610
1847  6062  2888
2650  4955  3944
6214  4539  2164
4034  513  4298
5811  5854  5305
3459  4017  44
3399  5483  4888
4635  1953  6268
4977  1808  2269
48  72  4077
2145  5585  3419
1218  3011  2139
644  2829  2621
4736  5100  6019
46  963  2145
2230  383  2114
5367  2204  1521
2589  2017  2674
5061  6272  2928
1048  2038  2312
4971  2968  3345
2693  4392  2717
4752  283  144
4036  3108  920
4787  2050  4626
5659  3356  869
5443  3356  5659
1355  4239  2210
3246  1529  1098
904  905  1997
5070  2278  5329
1909  1532  1077
1714  5069  5231
1751  1206  1513
4658  5004  1091
1015  2905  3263
2165  1881  5299
2307  2378  4539
6401  1209  5004
1275  1719  2307
2307  1719  4524
3246  2900  4561
3931  588  5010
1275  5892  1719
714  5807  3771
2694  1058  1301
5258  5614  5177
780  5514  2099
302  2099  5514
1932  6410  3200
1891  2838  6119
1891  5762  2838
5067  2299  2597
543  5301  1693
2843  895  1347
5888  1228  2712
5064  3120  1071
609  2234  3365
1190  1587  244
241  2044  242
6337  4734  4663
3923  2625  908
5100  6181  101
6128  194  2191
642  604  556
2381  4156  4335
3937  3169  5328
2650  3944  3127
6234  3599  279
40  3141  2087
1290  26  2051
5658  4941  3455
5933  6360  6305
2584  6209  6179
3032  1207  873
6066  4313  6095
3350  362  45
2922  4739  570
5288  1210  1523
4516  6407  5380
1823  1578  4417
5290  5294  833
5330  1043  1241
4518  5593  2437
4185  2055  1657
1150  4018  4485
6043  1018  4216
6349  6108  6107
803  5725  5281
808  2089  5452
543  1351  4628
4430  4930  4933
543  1693  1351
4628  1351  4079
5303  1207  3985
1344  3325  6096
5963  1501  5078
1231  2424  371
1120  4967  1348
1136  2483  3009
1637  3201  2553
2895  3722  4942
5594  964  5009
2444  154  602
3353  1593  277
3302  832  3009
3302  1201  832
4753  2306  4282
3654  3929  4170
1136  4965  2483
544  4459  5950
1136  3009  1217
2351  2127  3755
5575  2428  2748
5407  2509  124
3348  1338  1339
1240  4643  5046
3567  1616  3745
3760  683  100
829  2141  1876
5848  957  5442
1077  1759  3411
1634  1583  1577
6018  1911  1166
1181  4601  999
3183  5365  3639
5166  4312  279
3352  1396  303
595  896  3982
3165  4542  6403
1479  4297  2002
3343  3588  5911
829  1876  3126
2931  3961  3965
5205  3916  5744
1397  2076  4759
5205  4236  1366
6219  5421  6220
947  4812  4296
3031  4383  2759
2514  424  3555
6204  5860  1332
4479  6267  2956
2126  1234  3257
973  576  1303
4319  4154  1598
2199  2356  572
5981  5166  3599
107  850  3710
88  2657  3171
754  2731  4428
2125  1786  3157
2465  1226  2280
5164  739  2754
691  1362  3016
874  3790  71
42  264  105
4279  1420  4021
972  4011  4279
6010  2356  2199
1208  5062  3600
2125  4876  1088
6356  5709  1317
1367  3831  1639
748  1639  4517
3578  1401  2940
6294  4798  5002
4883  5898  5894
3481  4474  3393
4039  341  6038
3073  4186  3628
2892  5406  230
3247  1567  1090
4150  5852  1233
2150  1318  3415
1641  1936  3590
1641  3456  1936
4708  5210  3088
2129  1210  5288
6099  5300  1940
974  734  4117
3834  6060  1631
5743  1712  281
5667  783  6078
974  4117  2289
4237  2373  3359
5261  507  5721
5832  2889  3458
1391  1630  3250
3250  2371  2374
6259  5517  5227
3075  5517  6259
2171  4968  6211
644  5303  2436
89  3053  1041
5551  1938  1121
1208  5324  1423
522  896  3602
2111  598  308
2303  3426  2305
1586  1525  1799
187  3328  2111
1115  1011  4338
919  827  3636
1169  556  6309
5767  4723  2023
514  3772  1591
1590  336  3772
3627  6402  6157
5793  5153  6107
4216  1016  4877
1748  5898  6112
525  6429  1578
4083  900  2824
550  5529  888
888  3839  550
2742  2579  2277
1293  5213  5829
2561  87  4764
3867  5213  4542
4753  4719  4720
6350  1674  527
2663  678  5952
2202  6104  1139
2098  3641  3152
4880  4630  906
5673  899  5302
5364  1664  5916
5364  2041  5040
1856  3252  5584
3324  2223  4934
5225  1674  3200
4025  6334  373
4878  2967  3008
5065  3889  191
6116  5284  1259
5895  3163  4885
3092  2194  5530
242  6111  95
1144  282  978
2875  1842  422
2999  5806  3166
1398  3830  6217
3722  3721  2841
6221  6214  2164
5986  6406  2097
5609  951  4296
1349  4219  1121
5846  4986  825
6026  6025  2892
1578  6429  4417
6060  3834  3886
5652  2272  2271
3500  4630  5340
1186  4563  835
4856  806  2594
1502  4881  3896
336  1525  1339
4642  5213  1293
1891  6305  3584
5164  4393  4394
4015  2297  5727
2740  2592  5790
5338  4985  2083
525  1578  246
1418  2235  5300
2909  4763  2977
4392  1306  3328
5368  3147  3928
2311  572  524
3890  4015  5536
2540  3588  5574
3649  1016  1018
1635  973  128
1502  3896  374
4961  139  3896
1509  1092  1236
709  5207  980
4776  4314  1335
5894  4115  4883
4966  2698  1100
5060  686  554
2295  1958  6296
680  4472  206
2516  6408  4919
2459  488  1746
4393  1363  4394
119  6343  1017
3645  3562  2893
4978  5509  5670
5973  4017  4085
2785  5743  5509
3941  3074  2284
4537  4733  249
6031  4731  2891
5225  3200  6410
3362  3581  918
823  827  2287
4315  918  1072
1100  1853  300
5267  5833  4931
945  4554  2124
1757  5405  6019
4183  6357  2312
5269  549  4786
4107  365  3280
962  4688  4689
781  831  1412
42  105  754
2693  1649  4161
2693  2717  1649
451  2826  1242
1574  2965  5875
1566  3007  2288
5662  5610  1011
1256  3390  3685
549  5269  1184
2904  1144  1143
3311  3783  2825
3363  809  4710
6265  1349  1122
2825  3783  251
5491  257  3557
1144  978  1143
3249  6409  5234
5059  1673  6401
317  3241  4840
3601  4933  894
5481  1228  30
5847  1046  4607
2441  5532  1118
487  5657  2871
2094  6094  6202
3256  4795  1800
966  2111  3328
750  5407  1829
6352  3455  4942
823  2287  920
3014  1802  4812
2376  3088  5943
3869  1868  1526
5876  2748  3709
2502  1364  3834
6430  3457  516
6430  516  4722
5886  2673  3010
265  3325  2328
6344  3582  5262
4193  5944  5448
2955  555  1744
3247  1706  315
3634  3433  6405
3757  4013  3754
1031  3256  1042
299  5103  4528
4683  690  4974
39  2082  1274
2375  518  834
890  834  518
2465  3097  3339
769  6246  5951
4159  3248  1531
1726  4150  1233
5661  4386  639
4723  5278  1580
4546  1579  922
2547  431  4026
30  1228  2697
1042  2795  1038
2925  1565  4166
3724  2978  5167
2761  3329  4225
5734  4041  494
1632  5733  1138
3103  188  3433
3205  4664  1939
4452  5829  3867
4029  3335  2196
2640  868  3147
6028  3245  2128
1849  3567  4333
4978  2076  3039
2091  6028  6027
4248  2507  5299
4622  2196  2627
1923  1486  4451
6401  5012  5059
1504  4764  6215
1197  98  2127
87  5850  6215
4072  1481  1915
2175  246  245
2176  3451  4994
5268  3258  3451
1344  6096  4972
6128  267  2694
4457  1923  1074
614  3008  2967
6118  3648  4039
4797  2651  5832
3885  1941  489
5233  605  5947
614  4014  3008
5168  6216  5721
3422  2412  1566
1373  6419  4993
5913  2882  2532
6346  1418  3199
1847  2886  6250
687  1360  1359
2698  5834  1853
6104  1358  2208
3758  280  2698
3694  5248  5263
2882  5913  5361
2665  6380  6383
3985  1207  3104
1999  191  3889
5289  2001  4603
1216  5657  957
6354  3719  5550
3032  4218  3104
5342  3313  3323
4855  4451  1486
1633  1313  4322
1202  4944  838
2667  836  5412
1357  808  1763
3357  1825  1400
2511  575  2000
3560  2876  1878
6271  979  6352
5331  1803  945
1313  3414  967
6015  47  1116
4740  2359  63
2836  4940  3717
5448  2509  3107
1879  4422  3163
4088  3505  3106
4192  3961  2095
5612  2845  3718
2518  5558  3719
6250  2886  4041
786  3360  1881
1091  5487  1430
3011  1091  1430
1035  303  1396
5481  2011  1228
4166  1565  399
386  1228  2011
6353  6212  3243
4949  5346  2464
2756  2642  6121
2038  6272  3345
2928  6272  2038
1635  128  2168
1935  3345  6272
5660  5334  5935
4244  1072  1142
2235  6347  3647
5236  4665  5982
5857  3605  3720
5654  2067  3483
2060  2293  6420
4889  1908  1759
1096  3330  4240
4793  5537  1096
2891  4258  2859
963  2899  2974
3330  1096  5537
1744  657  2955
2823  3580  6388
3941  2284  3865
2058  5234  646
6321  2058  646
3323  5345  5342
4553  3580  2823
3197  527  4989
2627  2196  5336
2511  5535  682
2748  5794  3709
6020  2443  2859
1803  1119  945
5852  1886  4328
4379  970  2047
3555  3705  6303
5584  5400  1856
4966  1100  5163
2748  615  5794
1255  3150  3253
2749  3810  5794
3705  4196  6303
6334  5728  4169
1752  3810  2749
4591  3772  336
3032  6265  4218
2090  3311  2825
5611  4784  3588
4477  439  4187
518  1372  890
3071  3788  4018
6267  3757  2956
4327  1360  4084
1590  3772  4735
6098  3127  267
4541  3245  1993
5331  2743  192
607  3868  3269
2295  44  1569
2694  267  6021
485  965  690
2534  4326  5267
100  1852  3760
5833  5267  4326
2438  2267  2909
6108  6349  3694
5011  1391  1795
1231  4191  35
3363  4191  1231
750  2760  260
6010  6013  2356
598  510  4975
2180  5883  3354
3638  1822  1675
118  1790  1915
5802  6115  4778
42  6270  2470
1313  1680  4322
1373  4993  4998
4787  1206  1751
893  2455  3811
1186  4285  2730
5181  1653  5037
1800  4795  4297
2057  2716  2293
1808  4182  4331
5553  5515  5859
5436  6123  342
3251  6029  4925
2133  4893  1375
3360  4248  1881
343  2672  2845
2756  6121  6122
4422  1879  3891
5011  5233  6409
1048  3355  4171
1933  5881  5880
42  2470  41
2438  258  2267
1439  5052  3161
1761  2888  1524
1225  2267  258
3326  4570  1866
2909  2267  5941
5486  2885  3504
5306  1087  4882
2098  2325  3622
3009  1568  1217
3032  3104  1207
4734  6337  6097
1524  2888  6062
2146  4252  339
2888  4955  2650
1072  918  3581
1136  1217  4979
3412  4882  1087
3095  4219  4621
937  2550  523
3248  1113  1483
2080  5180  427
3863  3142  6295
1069  1036  3203
736  5720  4665
4480  1097  2316
339  6095  3339
4991  1642  5890
5661  3066  4358
4072  1915  4199
5974  5383  3919
4330  1829  4563
3255  3151  5733
4764  6259  4611
3605  767  3720
5298  1142  6110
71  4050  3979
4716  1874  4920
126  6314  3129
1567  4292  1785
3366  1531  3248
2286  917  4224
1355  4238  2963
4021  1420  5713
5258  5177  3623
807  2314  4280
5889  4354  4604
4892  768  4142
2538  6126  2763
5151  2075  2788
4639  4554  1119
4997  1666  1354
2538  2763  681
5852  2505  1886
4150  5853  5852
833  4888  1234
5668  1139  6104
4536  5474  5255
3036  3315  5463
5011  1795  2034
4983  4018  3788
3983  3356  3167
2310  5440  526
4922  6264  5875
2891  4976  382
1135  2773  5362
3431  6044  3238
581  4453  4458
5052  6320  1711
4715  5537  6270
5813  1142  5035
841  5173  2093
521  4645  2871
5347  4014  5673
1575  4430  2223
4754  6292  6160
437  6064  2045
683  3760  1713
1286  1289  4640
4352  1185  4750
3737  384  1830
99  3513  5326
746  5606  5715
1574  1318  2150
1597  3174  936
3214  2097  6406
3553  2055  3312
35  2657  5827
4984  6017  4356
2540  5574  2539
1867  4988  3077
5535  2511  3123
3356  3983  3367
6212  6353  1807
2200  5697  1564
615  2929  3928
4764  87  6215
5651  1394  6277
1399  1346  910
1616  5855  667
4662  70  4040
284  4187  439
6029  1877  4925
2376  4925  1877
521  3031  4645
972  4279  2890
4218  2073  3104
1642  4991  2109
5964  3139  4096
4028  5231  4664
1189  5364  5916
729  5711  844
3712  2857  5711
5193  4471  2096
6155  6401  1300
1877  968  4708
285  3454  6100
1580  5278  5557
2349  2797  1038
6344  2118  6345
4106  199  3344
2067  5654  4779
142  6278  5893
3043  4188  4638
3332  3822  3128
4018  1150  4490
5949  3415  3425
2741  6200  3380
1729  4783  6115
1226  1652  70
1043  1184  1707
3361  491  6274
5408  691  6195
1333  5714  3199
807  1915  2350
4545  951  4811
4076  1670  1227
900  509  2096
5193  1356  4471
5083  5380  6407
4168  1301  1058
1570  2842  640
2058  6321  2057
2246  5952  307
582  4028  6345
1120  4556  4027
4028  582  3609
4221  3029  4219
3756  3759  5426
3857  6065  2789
6024  4393  2754
6094  4460  6202
1745  1099  745
510  4740  3036
5192  3608  4469
788  3424  902
2837  4197  5334
5443  3095  872
4664  6351  4028
638  5879  6100
1478  732  3826
1093  5920  6124
4453  4225  5535
3609  582  3816
3763  5810  6410
4580  3609  3816
3210  5365  6386
4620  891  3978
6368  2056  5812
3065  2117  5482
3756  903  3753
2880  893  4424
5368  1678  4075
3173  249  4733
6368  5812  1415
2108  3644  3829
5204  5658  6352
1932  4043  1941
3763  6410  1932
5721  507  5168
5205  3918  3916
5443  5659  4221
1616  3567  5107
2927  4752  141
1999  1310  5983
578  4191  3363
4191  578  1096
3583  3686  4194
1188  5517  539
2800  2678  541
5744  66  489
1933  5066  489
2465  6095  3504
5407  124  1829
1094  2465  3504
3863  3090  3693
2122  4412  4661
5618  4104  5718
5610  3105  4338
5404  5512  4329
2691  4156  2380
2964  6237  6106
754  105  4164
2007  383  4299
2288  3341  1870
2372  4023  1612
4009  4016  6429
525  4009  6429
512  2758  3517
6090  4184  5531
2642  3517  2758
6275  1592  4711
6415  5486  4313
5532  2441  187
5328  1585  2620
1755  1758  1757
1633  4322  5296
4138  5012  4658
1240  5046  4387
4441  3743  1204
3243  3432  6160
781  6348  500
4540  1530  145
2140  5005  2436
5605  2953  2462
539  3414  1633
3249  5234  2058
541  2678  735
2757  3721  3722
6113  491  1872
242  1337  6111
5529  887  2534
3439  5931  3156
4736  6019  5405
4166  5100  4736
1478  804  732
3943  5712  5495
2405  4019  3033
3358  5110  379
4709  4383  1216
1634  1954  1583
6354  4683  4992
965  1681  4974
1355  1511  4973
4154  6115  4783
251  708  980
4328  4149  5852
251  3783  708
4455  1369  3922
5508  366  3860
5226  2052  5855
1725  1233  4149
500  831  781
3864  1046  5847
1367  2546  3831
6404  1367  1639
6259  4764  1504
5511  5510  6215
4623  1508  4388
4920  5496  4716
4805  2325  6097
5743  4759  5670
4942  3722  2841
6425  28  4742
2049  3051  5414
6021  267  3127
1641  3590  3202
3863  6295  5948
6121  2102  4565
1123  1116  47
4734  1591  1794
4663  3353  277
1169  2903  556
4734  3353  4663
2857  3712  2345
3319  3933  2974
5597  1195  4525
5965  5966  1743
119  5248  3694
2741  5881  1933
3319  2973  3933
5725  127  5808
4641  5229  1844
3708  1878  997
4364  805  371
1800  4297  1479
1231  371  805
921  2443  3255
6020  3255  2443
5852  4149  1233
2857  6216  306
2123  3164  3460
5660  2559  6119
2315  5801  2081
1939  2123  3460
5338  1316  3149
4630  3268  2786
6349  6107  6336
5426  2774  3756
2305  495  5208
364  2880  362
919  2920  6205
3762  4784  5611
4594  5254  1406
1334  5764  1585
6125  2121  3587
2282  45  4424
1844  5229  3306
3073  3926  4186
1430  2329  1579
2273  475  5653
6108  5793  6107
5085  28  5692
4417  6429  4016
3579  2889  4379
2873  5612  301
2292  5685  4693
2844  301  5612
5107  6078  1616
6334  4069  6209
1709  5326  2662
1915  1790  2350
5692  28  1851
4118  1507  3266
2826  456  1350
371  2424  5538
4726  4481  6369
3837  6422  748
1573  2514  6303
452  1350  456
917  1203  3755
1439  6320  5052
2464  5346  1958
3337  5437  2763
3337  6056  5437
1288  4388  1645
4335  3587  4329
1857  5982  5720
4329  3587  2121
1093  5813  5920
2761  3339  3097
4659  4420  67
5212  3280  1882
994  81  2512
2212  484  458
3174  1597  1032
809  3253  540
2375  4755  518
578  4710  6369
1937  5062  1208
1634  5488  3324
3280  356  1882
3637  5529  2534
1498  3648  6118
3585  5760  5768
4218  866  2073
206  5733  1632
576  5065  1303
2125  3157  4758
837  875  1831
2437  3146  2445
4546  5874  2139
5652  5450  2272
1579  4546  2139
1995  5604  2942
582  1310  1999
890  4990  2169
2047  1288  1645
3251  5976  3503
2292  2894  5685
3251  2375  5976
4476  285  3980
307  1258  2246
903  3756  1368
5744  489  4236
6402  192  3436
4622  5181  1787
192  3069  3436
6402  4789  3925
5983  191  1999
2176  4935  3451
4183  2312  5228
2046  4473  613
2013  5338  1149
6113  3563  6274
6110  4101  5298
904  1917  1393
3590  3908  5604
3933  5585  2145
5309  5688  4739
4731  2458  1826
2233  5177  5614
5719  2655  2744
4802  2954  6124
4595  6126  2752
4286  374  4113
6096  3325  1649
555  3089  151
3330  2657  4240
61  60  3094
1744  5264  657
2042  5889  27
3763  1941  3885
1865  2086  3099
3399  4891  839
1222  6203  5946
1360  1756  4084
4286  2972  374
233  4185  2937
5888  6017  2697
1579  2139  1430
5491  4333  2793
695  378  4967
1120  695  4967
2921  1860  1572
3200  5601  4043
3642  2922  3593
1497  6059  5340
1932  3200  4043
1843  6303  4196
5175  5172  5257
3654  3001  6387
1859  6124  280
3425  3415  2089
2755  2180  3354
5812  2535  1415
2541  6127  2666
911  1935  5061
3452  3425  2089
1646  3565  6362
424  5416  423
600  378  4253
2909  5941  1037
1336  4314  5984
4314  1593  5984
2538  681  1353
6056  3035  5437
5673  2071  3421
2517  3890  5536
190  2292  4693
190  3347  5615
3126  1959  2484
683  1713  3934
6201  365  3350
5485  3836  4758
4668  4388  1288
125  5858  3425
6030  1878  5847
2356  523  572
4029  2196  4622
2586  6036  4629
2269  1808  4331
2461  5686  5061
5061  5686  1711
4896  6358  431
2098  6097  2325
4245  891  3726
997  6030  998
3812  4424  3811
3553  4441  5415
4325  2177  4970
542  3720  767
5409  5917  3511
1611  5878  2656
6202  2193  5878
3686  5296  4194
3713  3261  1503
102  44  4017
4878  2834  2967
2431  779  1331
3182  5975  5828
6024  801  261
2080  5614  5258
4895  4428  2731
520  4453  4467
609  3365  5263
4946  48  741
2412  3422  241
4168  4162  593
1097  1615  2316
4159  2828  3248
2112  1643  752
5300  1395  1940
3408  3427  4962
4073  1521  1652
4112  483  6338
1641  1305  3456
2741  1933  1941
3754  4527  2956
1042  892  5887
2515  5163  1100
1615  1097  5080
3156  4385  1875
4385  3209  1875
6354  4992  3719
1933  5880  5066
2790  4757  1750
100  509  897
5297  5820  341
2179  5967  102
3101  3647  831
4246  1189  5409
2746  2957  3201
1302  1643  5253
194  2194  3515
3514  1078  5652
3163  597  4885
2085  2508  4538
4218  2143  866
917  6306  1203
2787  4317  968
6366  4010  3595
373  6334  4169
92  5618  4281
119  1015  5248
189  3240  156
344  3883  74
2909  1037  4763
3768  1113  2828
4159  3592  2828
2461  2038  4524
1372  518  1243
4009  3318  4937
4940  381  3717
1225  258  3770
3409  4998  93
1678  1076  1929
253  4048  344
2205  2162  6367
3765  5716  4222
5988  980  5207
6153  3634  2079
5185  2558  2502
6278  963  5893
4055  4730  4995
4084  1756  3244
1799  1590  5593
4055  1880  4730
1675  478  5420
2960  2887  874
874  2887  2231
5008  5694  3653
4561  5694  5008
4976  2859  2443
836  4021  902
2667  4021  836
4983  1223  4486
4983  4485  4018
5066  4236  489
5981  5308  1749
3601  894  5529
1631  6220  3834
644  2621  5303
1891  6290  6305
1096  578  4793
5162  2075  4988
482  3671  5800
3977  3980  5879
285  5879  3980
4054  894  4933
3500  2831  4082
3977  5879  3357
1202  2012  5809
2297  4944  5809
6337  5301  6097
3183  1672  1644
3388  4593  1199
1336  2103  2306
4753  1336  2306
4591  2306  2103
1338  4282  2306
3028  4020  1260
2540  2539  3766
3028  875  837
3028  837  4020
3867  3769  4452
5850  6218  6215
5852  1019  2505
3326  608  4570
1563  2413  270
4553  2823  4643
1794  5984  1593
4776  1594  4314
2935  6302  6311
5162  4988  5178
3033  4187  284
2977  5321  2438
3564  3197  3513
1617  3918  5205
3564  3513  3687
6032  4921  3725
5183  2170  3030
603  2407  5559
1563  33  3076
3242  1672  5438
2794  3847  429
4980  1672  3242
3566  5976  6359
3964  5212  3914
1364  4074  4197
6340  3179  2434
973  1303  6359
5875  2965  4922
4785  2405  3977
2513  5943  301
2757  2939  6300
1574  2150  2965
2056  1206  4626
2977  3724  5167
1519  2206  1356
2513  2844  6419
1360  4327  1359
5003  3926  5327
2746  642  2957
1176  5487  3926
5766  1529  72
775  4946  741
6273  5256  1392
2785  1712  5743
2836  3717  3724
1706  1090  1615
1679  2330  4932
3408  4299  3427
2355  2268  359
4108  3309  1842
1292  3016  3239
3855  2904  1409
3770  258  3841
3620  643  3721
3567  773  2793
48  6204  1332
947  2759  4812
4971  2553  3198
3812  2282  4424
4009  1232  3318
5653  1078  3514
1348  4967  3622
5571  2542  6308
2509  5448  124
4929  1743  1507
4812  3010  3014
2763  5437  681
1419  6122  6121
3490  3491  2355
144  4030  141
4639  3040  4668
1119  3040  4639
4364  371  5538
2175  2582  2176
4641  1295  1508
684  6267  4479
5250  4480  2319
1882  3752  1614
2653  2655  5719
1509  1236  4008
92  4281  4008
1847  2832  2886
1410  2541  1154
2349  2795  4605
5846  2889  3579
3864  5847  2876
193  188  3103
1650  2054  2304
978  4298  513
4245  3920  5193
919  918  2920
252  3849  5226
4752  3074  3361
4449  6408  1317
1182  4459  4741
5299  2166  2165
973  6365  576
4884  4633  4885
2192  5531  4184
6316  4273  3419
6356  5531  2192
250  3943  5495
5106  3943  250
1745  2756  195
2327  5106  250
3977  2405  3980
1011  981  5662
4317  2787  5325
1577  4974  1681
3719  4996  2518
1407  1845  3551
921  5733  4242
5175  2516  4919
1182  4741  802
366  4799  2796
4225  4453  581
2410  5782  1365
598  2111  40
1090  2877  1615
4381  5730  2821
2354  1191  1852
5232  3327  770
4785  3984  3893
2102  2642  2758
524  4516  2311
3168  3148  5305
1888  4640  1289
3168  5305  5896
1573  5416  2514
802  4297  4795
1192  3760  1191
5947  4283  5234
4193  5448  3107
487  4756  3140
5766  1098  1529
2439  2656  5259
6334  2584  5728
5165  613  4382
4288  70  4662
2540  5911  3588
1909  1080  1532
3332  2656  5878
2796  5592  662
5687  3338  2045
4520  2539  5574
3256  802  4795
3725  2436  6032
4791  2925  6025
4056  5179  4806
4800  1413  5229
696  4056  4806
1114  1352  6426
3203  2629  3051
6056  6240  3035
522  874  6197
2410  1365  2403
1864  3334  1694
3203  1886  2505
588  3000  6156
1731  4321  3922
4711  6404  1639
828  3814  248
385  3000  588
103  1993  2091
968  1936  2787
6202  5878  2094
3337  5410  6056
4723  5767  5278
3771  3646  2090
4554  4196  665
1373  4998  3409
5074  925  230
841  1592  6275
2081  2083  574
2081  574  3038
3246  147  1529
689  1337  143
1176  5003  2329
6183  6175  4078
3360  1366  1417
1003  1515  1869
1077  1532  923
785  5190  1612
4553  4640  3580
4535  1137  3506
4997  2659  1666
4579  4710  540
4975  308  598
4321  3911  3922
1138  5733  3151
921  4242  435
992  742  3047
4455  3911  4975
4142  940  6212
828  4149  4328
4748  830  519
5802  1729  6115
807  4280  140
4889  1299  6024
2761  3097  3329
6430  4722  4972
2291  4798  5683
4798  2291  5002
1592  6404  4711
4217  5675  6219
6276  826  1049
3932  610  3626
6403  4542  4473
4642  1294  5213
5412  4470  2667
525  1232  4009
1140  3920  1141
5878  682  3332
5878  2193  682
3102  5586  4444
1439  3161  977
3340  4643  2823
4024  5490  6208
2966  1588  1509
3934  1713  4803
898  4427  3758
4966  944  3758
972  749  898
4427  898  749
5256  898  944
6099  1208  1423
3247  315  1007
3908  3590  1957
1571  1846  5723
3247  1007  4859
6033  299  4016
3238  6044  322
4243  4657  749
4752  2927  3074
4113  3896  139
5944  2641  4565
4453  3123  594
3505  2716  6321
4358  994  2512
542  4475  3720
5516  1956  1717
1015  3263  734
1097  4480  526
1564  5697  2500
2535  3354  1415
146  689  254
1796  749  2890
595  3982  4921
142  3416  4788
3651  4788  2962
595  4921  6032
5610  1346  3105
2133  3125  4893
1036  4328  1886
1203  6306  1183
728  4030  241
779  1357  1331
1869  1363  261
5452  2089  3415
3037  2664  5603
5895  3160  840
147  5008  1647
366  2796  3860
3653  5694  6406
6301  1221  4135
6125  2059  2054
3687  99  4183
1748  6112  5899
1853  2954  2346
5551  5192  4461
2412  3635  1566
500  6348  2740
1747  1748  5899
1747  5899  5900
5812  2056  2053
6311  1716  2270
4786  611  2660
1873  3830  5497
5855  1616  6078
689  143  2537
605  3835  5854
5184  4947  4153
2170  2381  3030
5404  5511  5512
1366  4236  1417
1763  5329  3813
915  912  120
5404  4163  967
2753  5651  5883
3578  6123  6216
1394  5651  2753
6365  1714  576
2969  5595  2938
3500  5595  2969
6431  5230  1517
4082  2930  5595
4106  2938  3262
4892  1888  768
1795  1391  2926
142  5893  3416
5918  6292  3652
4543  588  3931
3308  235  1848
5950  1256  3685
3584  4939  2467
1412  831  6347
4971  3198  2968
4762  2968  3198
1318  5452  3415
1235  1310  6345
4893  3125  4122
5415  2055  3553
835  2762  3168
6197  874  71
6015  784  867
3868  2140  3725
2874  1844  3048
4975  6297  308
2170  4023  2380
4888  833  4891
2108  4682  4055
1758  2119  5265
4527  1408  2956
1287  1510  5046
5296  4626  2050
938  1676  3215
609  6341  2234
3307  5669  2042
4805  5192  4469
746  3100  2115
6425  4408  5814
3814  1727  248
1728  248  1727
4170  3652  3654
248  1728  4149
2501  2787  3456
2501  5325  2787
2621  873  1207
4627  4881  1502
3015  1434  2673
2654  193  3014
4888  3257  1234
4383  3031  521
4665  5720  5982
6195  4709  5408
4542  1294  4473
3015  2673  5886
4383  3015  5886
640  1992  2843
637  2672  2842
6263  1336  4720
3637  4934  3601
4522  3419  4273
5874  3907  4642
2023  5765  5767
3348  4725  4282
4387  2281  830
3645  2285  995
2356  104  523
5252  6203  4641
2230  86  3427
5442  3140  4637
3601  4934  4430
4722  3092  5530
2104  488  4629
3579  4379  5304
5603  2664  1661
965  4974  690
4992  4996  3719
3923  3939  909
49  3039  2076
1796  4875  4243
3589  4478  1114
2462  2953  1352
5441  2666  6127
2004  1076  4943
4732  4893  101
1255  5284  6116
2004  3134  1076
1205  4658  3011
1933  489  1941
4270  4858  1706
1371  1996  1514
1807  774  2823
782  608  3326
4800  4641  6203
4298  3257  1610
3352  303  3249
571  2470  6270
1763  808  3205
1567  4862  4292
1070  6367  6219
2097  3214  58
3120  2284  3093
119  3694  6343
6096  1649  4320
3360  3164  4248
3768  5151  2788
594  4467  4453
6183  4078  1083
3864  1930  1484
2075  3077  4988
3826  732  2000
2691  2380  4023
6117  6224  3314
42  4715  6270
2167  1635  2168
2531  515  3172
3914  5212  1614
4662  2884  1361
4288  1361  2280
6213  2167  2168
1226  4288  2280
515  2531  2536
5762  3750  2838
2838  5169  6222
1364  4197  3886
4885  597  4884
3314  5895  4885
6026  268  3333
6425  5669  4408
544  1787  3828
4338  3105  2209
1419  2641  1822
6348  2592  2740
5446  104  6013
5063  4391  1712
6351  808  5452
4406  4281  5618
569  6307  6311
3362  6260  3516
5078  5885  197
4643  1287  5046
4999  6287  5330
4728  436  800
3946  6307  6317
3205  3460  1763
4539  1275  2307
1859  4244  1093
1873  6271  3830
527  2959  6350
2895  4942  3455
6333  1674  6350
5516  5517  1188
6197  71  3979
6012  4787  2357
4989  3513  3197
973  6359  128
2891  4731  4258
4976  2443  921
4041  6031  494
2844  278  4993
4998  4993  2648
3750  5169  2838
3185  2142  122
5185  5421  5675
6034  6348  781
2286  84  1198
1392  944  4666
3753  3759  3756
5166  279  3599
643  1075  3721
4734  2098  514
5612  2873  2845
4257  4249  4256
2513  301  2844
1591  4591  2103
49  1075  643
4722  5530  1344
3095  4621  873
5337  5350  1311
4939  4454  2467
6290  2559  5934
6126  5912  2752
51  191  2942
5594  5007  964
2517  4011  5256
963  6278  2899
3692  6260  3636
3175  845  846
1750  201  1747
1850  1407  976
5883  1415  3354
1862  5320  3096
6118  5259  1498
3895  586  2520
38  1846  4777
2892  6025  5406
51  64  5065
3566  1303  5065
923  5435  1077
1720  3589  1662
3859  3337  4595
3175  3516  6260
4238  5297  341
3260  4118  3266
2897  5001  4961
3452  126  125
5652  1078  3806
3723  1514  3724
6023  2439  1298
3693  4563  1829
4708  968  4317
339  1074  2146
1337  2044  143
2762  3090  3863
1643  1302  752
1255  805  5284
4457  2751  1923
5848  5442  922
1519  1140  2835
1141  3920  4245
1906  5036  2835
4656  5265  2119
966  3328  1306
614  3170  4013
2955  659  2794
585  900  2096
4355  742  992
3196  4081  1194
3065  4758  2117
2438  2909  2977
5333  491  3941
3836  4893  4732
4686  4981  4982
3983  6300  4390
4756  256  4382
3983  2757  6300
3959  3963  5287
6287  6012  4076
3945  6016  1827
6037  2537  143
4854  5832  2651
2695  5768  4721
1532  2904  1143
659  3847  2794
1758  1755  2119
3722  4746  2939
4656  1140  2791
946  3043  3040
4314  1336  1335
1349  1121  1938
6263  1335  1336
3622  4469  1348
4805  4087  5192
4025  373  380
5063  1071  5324
5300  3647  1395
1717  5553  4318
2550  524  523
4580  576  1714
3885  66  2279
3145  4201  6298
3320  2973  3319
728  6009  4030
1795  2926  4538
34  2832  39
2311  5697  572
2204  5366  1521
5070  3460  3164
2167  2166  5826
800  436  1873
1795  4538  2508
514  3152  4735
4999  3583  4194
2329  2330  65
3831  4517  1639
5419  5173  5420
2123  2507  4248
5065  576  3889
156  4140  189
1663  6426  1352
3251  4925  2375
6296  3428  2295
3459  3428  4224
1956  1188  3583
5516  1188  1956
4977  3121  4291
4977  2269  3121
3440  318  3242
29  2893  996
6316  5585  5596
1035  4023  2372
303  1035  3342
5210  4708  2085
4978  3039  5514
1224  3039  5005
2371  895  2374
5404  2121  4163
804  3123  2000
36  2627  5336
594  3123  804
3977  1400  4785
1825  2881  637
4456  1369  4455
1888  4892  3580
2881  2672  637
3034  4312  5166
4276  1959  2830
6205  3506  920
3895  4757  2790
37  1846  38
2663  5952  1854
1631  6060  6222
5861  3620  3167
4220  4012  5731
5582  3430  5876
2746  5791  5796
3762  5611  3894
4389  3957  1518
2013  4985  5338
5536  4015  5713
3151  4036  1138
121  6347  2235
5061  1935  6272
2746  5796  642
2358  5710  4155
2654  2673  1435
188  2654  1435
247  2163  2644
5292  4220  743
571  288  969
1434  1435  2673
787  2064  2341
2896  780  4786
5743  4625  4759
2785  5509  2896
483  4422  1305
6116  1259  1262
4120  507  5945
5491  3557  3549
6057  4120  3100
4895  4894  3171
5168  4120  6057
5618  5718  372
4751  2628  5165
5490  5418  6208
4808  5712  2309
6335  1757  6019
6120  871  3413
1587  5492  5343
5766  1332  5860
3726  891  4037
5287  5723  3331
614  2967  6264
5343  244  1587
3362  3636  6260
6366  2648  278
4019  4487  5260
1503  3261  4923
4630  2786  5340
2786  2040  5340
2040  1497  5340
3908  51  5604
4317  5325  2508
3693  1829  124
1567  4917  1090
2437  2445  4518
4863  1994  3389
5803  2319  2316
4383  521  1216
495  1330  5208
1216  521  2871
34  39  1274
965  1634  1681
2499  5586  3485
3622  1345  2098
600  1345  378
2753  4332  1394
3837  2753  2180
3837  2180  6422
4292  4862  3389
902  4021  5713
525  4994  1232
4753  4720  1336
4285  3168  5896
3030  2381  6196
6225  5781  4326
1367  5882  2546
4540  145  2270
5536  5713  1420
3416  5893  46
3861  5882  1367
1338  3348  4282
3119  2023  4724
3349  1709  2662
5225  4989  527
4320  2441  6430
3958  5401  4761
206  4242  5733
4242  4472  2882
5898  1748  5894
6424  1748  1747
6351  3205  808
59  1875  3209
63  3315  3036
2470  3315  63
3601  5529  3637
6317  2074  3946
4936  5267  1954
6390  3133  4426
3321  5897  4608
4426  5280  5725
3133  5280  4426
490  714  3771
595  3985  2073
4878  5975  1235
6406  5986  3653
4729  1045  4079
75  253  74
2695  6354  4717
805  4364  5284
3042  4423  1218
2139  5874  1218
839  4891  5294
1330  3915  5208
6303  1843  1573
5366  4040  1652
4284  6125  3587
2741  1941  4043
1995  2961  6339
6332  6339  2961
1204  3743  1289
3352  2057  612
6420  745  1099
4567  4254  697
2692  1116  1123
486  2210  32
4797  804  2651
825  2751  520
4481  4793  6369
3838  4579  540
4981  3335  4982
4056  696  2077
2717  2441  4320
4147  6221  4760
4019  450  4487
1344  2328  3325
4640  1888  3580
88  5827  2657
6198  3495  1516
35  4240  2657
788  902  5713
187  2717  3328
4976  2891  2859
1633  3414  1313
2144  6036  2587
1229  6415  3158
5508  2444  6431
2054  2053  286
2013  574  4985
1429  2888  2650
2202  1139  5731
302  5859  5515
1135  2202  5731
4245  3726  1141
4322  2056  4626
1397  4759  1398
2206  687  1359
5516  5227  5517
1956  517  1717
1758  4033  1757
2518  2409  603
5321  5167  2978
2696  1581  6011
1823  4417  900
4879  3008  2174
6205  2287  919
5661  4358  2512
2352  6195  3935
3016  736  691
736  6195  691
2969  2938  3344
4545  3041  951
4565  124  5944
3500  2969  4630
6388  6212  1807
2094  5878  1611
3099  1642  2109
4332  148  1394
2117  4758  3157
4199  1263  4534
5428  340  6105
2923  2860  340
546  4977  4291
622  3671  482
5330  1872  1043
1830  2934  3340
3340  2934  4643
1526  1868  1640
892  5818  5887
5109  2358  1182
5710  5109  802
2435  5187  3914
920  3506  1137
5535  3123  4453
2966  5949  2318
1785  574  2013
3149  3958  2936
107  823  3108
2444  5230  6431
1147  977  3748
2895  4746  3722
6213  2168  2840
4990  2840  2169
5513  516  5084
5695  1858  943
1723  5084  516
1994  115  2315
1224  302  5514
1184  5269  1707
3496  1806  153
1745  745  3517
2691  1035  1396
612  3117  1998
5719  4780  6061
3765  1085  5716
3357  5879  638
1825  638  3718
2405  3033  6364
1081  5208  3915
1748  4877  5894
786  1366  3360
3602  866  47
47  866  2143
1417  4236  5066
1147  4444  977
43  2292  5615
5551  1014  1938
5307  4761  6252
5834  2954  1853
4318  5516  1717
542  3868  3725
115  1994  1930
5274  4746  2895
5308  249  3173
2920  4243  4875
4729  4733  1045
3202  1305  1641
6297  3911  4321
307  2299  5067
2971  1502  374
3723  3724  2977
1709  6357  5326
3410  6120  1333
3204  3120  3093
99  5326  6357
4726  4579  4783
243  541  5108
5103  6033  4937
2675  5797  5286
4461  1014  5551
6043  5160  1018
3504  4313  5486
2885  2872  4737
4785  3893  4019
5687  4712  3338
4393  6024  261
4492  434  453
514  2098  3152
6403  4200  25
4393  261  1363
3590  1936  1957
6386  5365  1644
5534  2197  3512
6421  2303  367
4992  4974  1577
4931  1583  1954
1576  2518  4996
905  5830  305
3322  5897  3321
5164  2754  4393
5491  3549  4333
4554  665  2124
102  4017  430
5508  6431  366
3860  4800  1222
1071  5063  5064
2179  102  430
3504  6095  4313
1217  1517  4979
5974  3919  5211
1716  6311  6307
825  1793  2751
5917  5409  1640
5436  342  679
1256  1788  3390
1140  4656  2835
490  2090  2825
4608  203  2973
4018  4490  2649
306  844  5711
105  4022  4164
3693  4565  3142
543  6234  4461
4080  5428  6105
5512  4947  6196
3412  5714  3413
667  3745  1616
3986  2172  2972
609  5248  4987
4026  4027  2547
5666  4055  4682
3754  3507  4527
3119  1586  5451
2875  422  3304
433  1239  5451
6241  5653  475
3321  4608  3320
5104  475  2273
4055  5666  1880
3596  4684  4791
125  1020  3981
1673  1300  6401
1750  1747  5900
5345  6112  1341
2052  4707  666
5550  4717  6354
1788  1256  5444
2123  5069  2507
3012  1436  1098
1518  2117  112
3153  1518  112
5874  4546  3907
34  4731  1677
6020  270  2659
3362  918  919
3350  45  5655
1256  4459  5444
3318  2970  3317
459  3984  5425
2015  1797  4460
750  260  6276
6102  5152  5650
945  2743  5331
4554  1291  4196
5422  2305  3426
6335  101  4893
1757  4033  5405
5006  5860  6063
4144  2644  2148
4992  1577  4996
4890  2437  1880
1518  5482  2117
3564  6261  3197
2515  300  2163
1341  3322  3254
1575  4930  4430
5010  588  6291
3159  3198  2553
3721  1075  2841
4666  944  4966
1960  4937  3317
299  6033  5103
771  2792  772
4185  1657  2937
663  5592  3688
2470  571  3315
5059  5438  1673
5300  6099  1418
1584  1583  4931
2712  2277  2797
3156  5931  606
6199  2087  1304
5768  4717  1512
1846  1571  5816
2827  3150  4359
5981  3599  4537
4359  3150  3707
3585  5555  5761
4455  510  4456
1372  1243  3409
2651  1478  4854
1123  981  2692
2104  4629  6036
3578  2857  2345
3409  1243  6419
4049  3561  716
5191  947  3041
1878  6030  997
6419  1373  3409
280  5834  2698
2149  981  1123
6221  2164  6293
3253  3838  540
1959  1876  6059
4332  748  4517
6113  1227  3563
3437  5580  5331
3561  4049  253
6155  1300  941
3690  5598  3909
3566  5065  64
1877  1957  1936
6178  6179  6209
2469  6098  2191
3388  2105  4593
3714  5286  3803
6178  6209  4069
6363  4074  6362
4981  2196  3335
1041  4606  2036
5795  5577  2964
5967  5971  1569
102  5967  1569
2196  4981  5336
252  5226  5855
2285  5730  1603
1658  2003  5911
5007  3852  964
101  6181  4876
1869  6094  1363
230  5406  3144
2712  1228  2277
3692  3636  827
920  2287  6205
876  2791  1140
5227  4611  6259
2023  2696  4724
4660  1411  5441
3034  1749  1346
3313  5900  3323
6234  279  4544
1513  1415  5883
2200  1564  1414
971  5343  5492
1121  4219  3029
5409  1189  1353
754  4428  3330
945  2124  2743
2983  2878  511
2049  5414  2875
2303  5209  2466
244  2175  245
1352  1114  1340
5857  4611  3605
3605  5227  5266
4997  1354  4761
6020  2659  4190
1587  901  4841
4945  3913  5762
5389  2563  2648
4113  374  3896
4636  4645  3031
1076  1678  5174
4666  5163  3319
5035  1142  5298
5348  6036  2144
5250  5534  573
4929  1507  4118
4628  4079  1045
2355  3491  1082
3177  4291  3121
1072  6110  1142
268  2095  3333
5587  5573  4031
4799  1217  3688
1519  3920  1140
1229  2883  3509
1822  3638  1419
3559  5857  3979
1519  1356  3920
2277  386  2742
2884  3128  1361
5325  2034  2508
1094  2885  4035
569  6311  6302
1361  3128  3822
99  6357  4183
2143  4218  1671
3071  4018  3787
2650  2591  1429
786  2165  1617
3360  1417  5070
4410  711  1242
838  3890  2517
6365  973  1635
5210  2873  5943
696  601  1791
2543  4924  601
663  662  5592
3352  612  1396
5327  3241  5003
3016  1292  736
1791  601  4924
4762  2440  599
3770  3791  715
2045  6064  5235
1081  3747  5209
3747  2466  5209
6215  5510  1504
5829  1850  976
3183  1673  5438
1003  2018  1515
1334  1335  2590
5403  4039  6038
3335  5533  4982
3204  1423  5324
4154  4783  4579
3857  2789  5666
6099  1940  1937
2923  2116  3643
2699  3643  2116
603  2409  2407
4080  3606  4948
1877  6029  1957
4444  3486  3102
4788  3651  3417
5574  3588  4784
829  2894  43
6292  3243  6160
6259  1504  3075
3076  5170  3512
4874  2580  2760
2580  260  2760
1210  2129  5439
4217  5940  4158
3912  664  2839
6352  5658  3455
3983  3167  3620
2078  5940  4217
5945  1194  5475
1094  1226  2465
5480  4394  4399
5403  1298  2439
5225  6410  2662
4937  3318  3317
4728  5206  436
1935  4971  3345
5931  610  606
3305  3306  5229
597  483  4112
88  4894  4887
5409  1353  1640
4524  1048  4171
4215  3351  3343
2111  966  3141
2821  231  783
596  4963  4324
4025  1676  5808
974  2289  6342
6238  5083  2550
3422  5102  728
3708  27  2593
6092  3077  2075
3744  661  1201
6340  6342  3176
5975  4111  5828
1255  6116  3150
2517  6273  838
5668  6104  2208
6412  5734  382
4338  1011  5610
67  4420  1006
2824  900  585
1397  49  2076
2044  4030  144
5948  4336  3505
4992  4683  4974
2318  1588  2966
487  2051  4756
6412  5361  5734
806  4451  2594
543  4628  6234
1341  6112  5898
4319  89  4778
5853  4150  2358
962  4689  4982
5536  1420  4011
2294  3761  3423
4035  387  1521
6225  5784  5781
2857  306  5711
2658  2883  1229
5401  6252  4761
681  5437  4081
4947  3030  6196
588  6156  6291
1861  5336  1124
5667  4381  2821
681  1640  1353
1526  1640  681
2844  4993  6419
2936  1149  5338
4077  72  147
5861  873  2621
5303  2621  1207
4780  1863  1862
6210  2744  1864
2697  6017  30
5260  4487  4484
5488  2223  3324
6103  1087  3606
6113  1872  5330
2442  3268  4880
3939  5308  909
1952  4414  4350
1043  1872  1184
1935  2504  2553
4971  1935  2553
524  6407  4516
3895  5268  586
869  2547  4556
834  128  6359
5979  1714  6365
2090  490  3771
783  231  238
1799  1525  336
1717  517  5515
5329  1763  3460
4075  1678  1929
5301  6337  1693
2860  6034  340
3842  4075  1929
2906  3607  1678
5554  4312  2149
4159  1482  1789
247  2644  3322
5443  872  3356
5667  2821  783
4988  2224  5178
1842  3309  3548
4790  5730  4381
426  1842  3548
2955  2794  4545
5191  2759  947
2077  38  3096
2483  3302  3009
3237  3302  2483
5360  5734  3122
4109  6333  6312
1034  3737  3340
144  143  2044
2927  141  3145
2927  3145  4792
51  2942  5604
1121  69  3608
2512  4386  5661
1224  68  5859
5001  6312  6333
147  4561  5008
3831  4332  4517
5344  6009  1955
6315  2360  5601
95  2546  5882
2360  4043  5601
5046  1510  4387
5587  4522  4273
4790  4381  1849
1341  3254  5345
4528  5103  2147
4787  4626  1206
1745  195  2326
5883  2180  2753
4046  251  3850
1034  3340  3738
5725  5808  4426
4068  1921  122
5725  803  127
5533  544  5950
4029  1787  544
5888  2349  5821
3256  1800  1042
147  1647  4077
4068  2907  1921
4794  1850  5663
4879  4111  4878
3303  5413  4223
5260  4187  3033
1600  936  3174
3691  5249  3861
5259  2884  1498
1746  488  4119
2692  981  1011
6268  2297  4716
4740  40  2359
5170  1414  3512
524  2550  6407
1878  3708  2593
44  102  1569
6066  4969  4313
6415  4313  4969
3822  3332  682
5168  507  4120
806  1259  5284
1430  2139  3011
5235  3552  3551
263  41  2359
6024  2754  4889
515  5366  2204
3359  2373  4538
5760  5761  2924
2207  2669  5722
4154  1032  1598
4188  3043  4631
4155  5710  1031
5728  5891  4078
2294  3765  4222
5945  5261  3196
4315  2920  918
3482  2067  358
975  5728  4078
5262  2834  2118
4288  1226  70
4056  2589  2674
2320  6356  5977
4919  6408  4449
2412  241  242
4925  4755  2375
1072  3581  6110
2167  6365  1635
6278  838  6273
2517  5256  6273
3201  6416  2746
5236  3935  4665
3339  577  339
2465  2280  3097
974  1015  734
1667  4986  81
4970  2177  5348
2104  5348  2177
1650  2535  5812
6268  5727  2297
3171  4894  88
1574  5875  3582
6120  2643  4523
2883  1762  3509
4016  299  897
4666  4966  5163
6273  1392  2899
207  2762  4088
2047  1843  1291
1188  539  3686
1633  3686  539
4030  2044  241
3239  3016  5848
3016  1362  5848
748  6422  4711
3015  1433  1434
4709  1433  3015
1429  4515  2888
4580  1714  5231
6365  2167  5979
2756  2755  195
2967  2834  3940
3202  3590  1995
3330  4428  2657
5947  5811  4283
88  2658  5827
685  4478  1411
3564  337  5616
1218  5874  3042
6091  3564  3687
4663  1351  1693
1395  4540  1940
4540  2270  1940
834  6359  5976
5064  1712  2660
5061  2928  2461
2785  2660  1712
4776  1334  3169
5983  3182  2961
3761  5254  4594
5947  605  5854
2376  5943  2513
3148  5811  5305
3927  122  1921
5848  922  65
2211  4025  5808
5205  1366  786
2695  4683  6354
2689  4947  5512
1873  436  979
5861  2829  643
302  3162  2099
5594  2352  5007
4392  3328  2717
5442  4637  922
3893  450  4019
3907  4546  4637
4546  922  4637
4138  3440  5059
644  2436  5005
3095  5443  4221
5894  4877  1016
4461  4544  1014
3893  3984  459
4316  4331  4182
3893  459  450
338  4621  4219
6174  4078  6175
2198  38  2077
3348  1339  737
1334  5760  5764
1794  1593  3353
4591  1591  3772
2543  601  5179
1336  5984  2103
4327  4084  585
1349  1938  1122
622  3349  5810
622  5810  3674
3509  2885  5486
3034  5610  5662
828  248  4149
1722  57  3596
4729  4079  1594
5895  6224  3160
6431  1517  4799
2998  3852  5007
4838  3000  385
4734  1794  3353
1217  4799  1517
6431  4799  366
4977  546  1746
3859  3761  2294
1586  3119  1525
3119  1339  1525
1338  336  1339
3171  2657  4428
2696  2023  4723
3982  4475  4921
2225  5576  5275
5332  2284  3120
3839  2646  545
2461  2928  2038
4524  2038  1048
946  1221  3043
2844  5612  278
6297  4975  3911
1650  2053  2054
1822  2641  4193
1650  2304  2326
1650  2326  2535
5551  3608  5192
5301  4087  4805
1849  4381  5107
3834  6220  5421
4709  6195  1433
641  4637  4382
1888  1289  3743
4778  89  1041
1090  1706  3247
3515  2194  5445
3329  3097  2280
3092  5445  2194
2647  3839  545
3416  5587  4031
6345  4028  6344
6344  4028  6351
1073  6348  2860
5743  281  5497
6099  1937  1208
1597  1145  1032
2328  5530  2194
1725  4149  1728
4429  52  2166
1074  4451  2146
2519  4782  5876
4451  1074  1923
65  922  1579
1789  4927  3592
2892  6249  1638
779  2089  1357
3091  5452  1318
194  2328  2194
4726  4710  4579
2325  4805  4469
512  3517  745
2667  4279  4021
4536  3592  3554
4536  3554  5474
2667  2890  4279
788  5713  4015
2931  1867  3077
4793  578  6369
4726  6369  4710
4620  4037  891
578  3363  4710
4938  3852  3166
42  754  4715
3166  3852  2999
5259  2656  3128
5170  33  4570
4999  4194  6287
3076  33  5170
3836  4732  2125
4876  4732  101
6291  2958  5010
2081  3038  2315
3366  3248  1483
4417  897  509
3246  321  2900
1718  5456  5737
2297  4015  3890
142  2012  1202
5890  5617  2652
5651  6277  1751
157  5264  1744
264  42  41
3623  4280  2314
5258  3623  2314
6028  4071  2652
3333  2095  3077
5471  6123  2941
1584  1576  1583
4999  5330  1241
3351  3833  6318
780  2099  5269
3162  1707  2099
5333  1872  491
3204  1333  3199
2762  207  3168
6027  6028  2652
3654  3652  6292
2646  3839  5788
2088  810  3883
900  4417  509
2007  2114  383
684  1511  5302
5875  5262  3582
2007  4299  2120
2884  4662  1498
2329  889  2330
3628  5487  1209
4736  5405  5406
5009  1435  1434
2565  2560  97
4237  2672  343
3648  4040  3143
281  4391  5737
3326  1050  4258
1050  2859  4258
5719  2744  1863
186  5695  554
3591  554  686
681  4081  1526
641  4382  613
4595  2763  6126
2057  2060  3117
2060  4284  3117
923  1532  1143
2972  2971  374
923  1143  513
513  1143  978
243  5108  5101
2083  4985  574
893  2880  364
1166  3180  6018
5412  1632  4535
1358  3037  2208
1516  810  2088
810  1516  5188
3687  3513  99
1752  5286  3714
6350  2959  2142
157  1744  151
3241  889  5003
1356  1359  4471
4488  457  694
6033  4009  4937
4471  1359  4327
2547  869  4896
3862  1856  599
4447  3934  4803
3351  6318  3343
5416  1916  1522
3927  3185  122
4328  1039  828
4601  1181  2889
6412  921  435
2579  2742  5000
1267  1667  3005
437  5417  6064
5235  6064  5417
5447  4454  4940
3585  5761  5760
2920  4315  4243
1094  3504  2885
3253  809  1255
1358  5722  686
4989  5326  3513
4936  2534  5267
1144  5363  282
4476  6364  6206
284  6364  3033
5060  1358  686
3934  4447  3978
5003  1176  3926
482  2378  4171
579  2822  1631
1222  5946  4136
6220  1631  2822
3584  6360  381
1397  1398  6217
2140  607  68
2140  68  5005
5329  3460  5070
2797  2579  1038
2462  1352  1340
3204  1071  3120
1716  1715  1937
1937  1940  1716
5009  964  2079
1582  2223  5488
709  980  708
1657  2055  1596
4327  585  4471
5952  678  3753
3759  3753  678
4794  1185  2283
1845  4712  5687
606  6381  4385
3304  1527  2875
3213  5588  3211
1653  5182  5037
1225  3770  715
5821  2349  4605
4686  4982  4448
246  1578  1823
1436  321  3246
3183  5438  1672
2932  3653  5986
2900  6382  4561
841  5002  1592
2743  4143  192
2743  738  4143
5876  4782  5582
3238  3013  602
5173  1370  3638
4639  1291  4554
4565  2641  6121
4193  2641  5944
5173  841  1370
34  2458  4731
6090  5257  2082
2966  4281  2965
2966  2965  2150
1185  5663  4750
1679  3239  2330
6224  5896  3160
3358  3314  1961
1961  5110  3358
5694  6384  6406
380  1676  4025
6117  379  2730
3317  3313  5342
3317  2970  3313
6262  2923  1874
1844  1295  4641
5252  4641  1508
4536  2828  3592
3762  1393  4520
1013  4520  1917
58  6180  2097
4719  690  4683
1706  1615  4270
2172  4950  4968
6020  4190  3255
4353  2281  5664
359  3490  2355
2654  188  193
2584  5891  5728
4098  240  5417
4601  5832  4854
767  5266  3269
3604  517  3583
1752  2749  868
3147  868  2749
3095  4221  4219
3645  2893  2285
125  3981  5858
1235  2834  4878
5875  3940  5262
1481  4072  1268
4856  1259  806
5011  6409  1391
4296  1806  3496
5766  72  1332
4664  5231  5069
641  3907  4637
6125  4284  2059
2060  2059  4284
939  657  3740
3629  5327  3926
6032  2436  5303
542  767  3868
3744  5951  6246
6219  5675  5421
4296  4812  1802
1671  4218  1122
2831  4287  4082
3864  3391  1930
1267  1477  1793
207  3106  3148
268  5479  4192
1710  1718  5737
4391  3600  1710
6104  2207  5722
6225  887  5784
3600  5062  1710
660  1086  1568
3946  1710  5062
781  1412  870
2289  4929  6342
870  1412  5726
4524  4171  2307
4478  685  1114
367  2466  3673
5258  2314  2350
2873  2373  343
5210  2373  2873
3075  5510  3414
967  3414  5510
1612  4023  785
5511  967  5510
838  4944  3890
901  4083  2824
4406  2965  4281
2966  4008  4281
1205  4139  4658
5172  2082  5257
3848  6264  4922
2125  1088  1786
5511  6218  5512
2689  5512  6218
3745  773  3567
6249  925  3726
6249  2892  230
1757  6335  4122
3161  5211  580
4719  4683  4720
4217  5386  5675
4421  2897  4961
3425  5858  5949
2800  541  4632
4580  3816  3889
2695  4720  4683
43  2894  2292
869  3367  4896
2931  3965  1867
4531  1858  1183
281  1712  4391
3946  1718  1710
1638  5479  268
775  3843  4946
772  2792  2793
3429  1347  1612
3980  6364  4476
2223  4430  4934
1749  3939  1346
2209  4254  1115
4518  1799  5593
2149  4312  981
2896  4786  2660
1224  5514  3039
5509  5743  5670
6271  6352  4942
5670  4759  2076
1794  1591  2103
3908  3503  64
3566  64  3503
51  3908  64
637  645  3984
5185  5675  5386
637  3984  1400
1715  5062  1937
1758  5265  4033
2501  3891  5325
2937  1041  3053
3088  5210  5943
69  3029  3650
1123  1671  2149
6031  4041  2886
284  439  3924
6297  5532  308
3937  3173  4733
3346  6320  1439
6128  2191  267
892  1038  2579
1136  2958  4965
384  6208  1830
2961  3182  6332
6264  3170  614
4083  1823  900
5101  3420  5717
3070  3245  4744
2584  6177  5891
3507  3754  1636
6113  5330  1227
1116  1115  1117
6038  5820  1298
2692  1115  1116
4797  3458  4467
1755  1757  4122
1630  6409  3249
5296  4322  4626
4930  2402  4054
5795  2964  6106
825  4467  3458
6241  1078  5653
3420  5674  2343
825  520  4467
4752  3361  283
2227  5919  432
4222  5410  3859
2325  4469  3622
4413  1350  4045
4476  6206  255
2513  6419  1243
3925  6158  6157
3322  1341  5897
1306  1454  966
6128  265  194
5895  3314  6224
2758  6295  3142
5830  5106  1952
6208  3746  658
2295  2464  1958
4553  4643  1240
4642  3042  5874
1675  4193  2072
263  2359  2087
4159  1531  1482
103  4220  1993
3203  2049  1069
1267  5681  1667
825  5681  1793
3413  871  1500
1594  277  1593
1594  1593  4314
1137  1138  4036
5900  3313  2970
6093  6058  2463
4379  999  970
2937  4360  4598
2350  5180  5258
2102  2758  3142
2502  5421  5185
1139  4744  4541
2543  5179  117
5253  847  839
5151  1722  3596
2666  5441  5914
2590  1335  4721
6263  4721  1335
2226  2017  1416
2589  1416  2017
324  4077  1647
2509  1049  3107
3550  1851  5814
5303  3985  6032
3637  4936  4934
2740  5790  6244
2962  2592  3651
2077  2589  4056
2077  1416  2589
4122  6335  4893
100  683  2096
2824  585  4084
364  495  5422
5167  5321  2977
72  1529  147
4722  1344  4972
6124  5834  280
2276  6421  5591
388  686  5722
36  5336  1861
1796  4243  749
4931  5833  2410
2466  3747  3673
2627  3586  1653
6318  3588  3343
3761  3859  4595
242  3635  2412
3320  2515  247
3347  190  3351
3965  1721  1867
641  1294  4642
3758  2698  4966
146  5411  148
4880  4943  2442
2125  4732  4876
3927  139  4961
4106  3344  2938
1210  1904  1523
6309  556  604
841  2093  5002
2273  2275  2268
2043  196  1609
510  40  4740
1716  6307  1715
1715  3946  5062
1348  69  1120
69  3650  1120
5411  6277  148
6403  4473  4200
641  613  4473
3291  375  4712
2654  3014  3010
3034  5166  1749
772  2793  773
1087  5306  3606
2445  1855  4518
3939  910  1346
2445  843  1855
4624  1254  844
3764  713  484
487  3140  5442
6091  1264  337
5434  2093  5419
5419  2093  5173
3367  4390  4896
3503  6029  3251
2439  4241  2656
4085  917  2127
1644  1672  6411
1576  2409  2518
1799  336  1590
6340  2434  2433
5764  5759  5763
2162  2078  4217
6017  5453  30
6066  339  4252
680  836  902
4776  1335  1334
3436  4789  6402
2746  6416  5791
1236  92  4008
2411  1729  969
4931  2403  1584
843  2623  1855
4451  806  2146
4994  525  246
2178  2229  2581
1209  1091  5004
1823  245  246
4406  5618  372
3420  2597  2299
2696  4723  1581
59  2583  1875
1522  5161  4198
3488  4718  479
1117  1115  4254
961  2192  4184
479  4718  3350
847  5253  3966
6201  4718  3488
3559  4764  4611
3946  1715  6307
6267  5302  3757
3350  4718  6201
2543  117  3481
2824  3244  901
5282  2907  2043
5802  4778  2036
4778  1041  2036
1095  4781  3929
689  2537  254
4194  2050  6287
264  41  263
5805  1258  5067
640  5939  6109
3813  5329  2278
6109  5939  4861
1118  110  3457
2320  5709  6356
5824  5792  6108
5726  6347  121
5281  5280  5986
1869  1515  6094
278  4010  6366
5612  4010  278
3411  1759  1908
3560  1878  2593
5233  1774  605
2352  5594  1433
242  2044  1337
141  4752  144
4947  5851  4153
3867  4542  3165
3183  1644  5365
914  6207  4760
599  5228  2968
5709  3598  1317
5191  3031  2759
193  1802  3014
4170  3212  6389
1874  2923  3643
940  3432  6212
514  4735  3772
3644  4735  3689
3752  5835  1614
4171  3355  482
4536  5255  2828
5264  4833  1801
5210  2085  2373
3459  4224  4017
4545  2645  3041
5186  2078  3910
4353  2136  2281
5191  3041  4644
5191  4644  4636
2299  1368  5674
1763  3813  1357
1204  5415  4441
4553  1240  4640
4515  961  39
323  1801  4833
1331  3813  3382
3429  2843  1347
4223  5413  4380
2827  3838  3150
143  144  6037
3174  3838  2827
2506  2503  5654
1357  3813  1331
3813  2278  3382
825  4986  5681
5348  2144  5105
2041  1523  1904
5489  1876  2141
526  4480  573
526  573  2310
4049  4048  253
3339  2761  581
4922  4406  3848
451  1242  4489
3651  2592  6348
3420  2343  5717
194  3515  2191
1846  5816  4777
4777  3096  38
2310  2500  5440
4150  1931  2358
5723  3586  3331
2936  4761  1354
5977  6356  2192
36  3331  3586
2046  613  5165
937  5082  2550
5890  2652  4071
3685  962  5950
2195  1653  3586
6038  341  5820
812  4086  103
5617  2655  2652
4620  3978  1907
1869  261  6299
6335  6019  101
2126  3257  4298
3144  5406  5405
4166  6025  2925
5074  230  3144
2080  5258  5180
4073  4035  1521
2541  2904  3855
1299  1759  5435
5299  1881  4248
556  2903  4796
230  925  6249
39  6090  2082
5574  3762  4520
6412  4976  921
3760  1852  1191
684  4973  1511
1355  4973  4238
2541  2666  4247
2201  4247  2666
4247  1144  2904
581  4457  577
2519  587  4779
2078  5186  5940
5916  5912  2538
5553  3269  4318
4422  483  597
1675  2072  478
4224  917  4085
5426  1411  2533
305  1997  905
2966  1509  4008
1997  3423  904
1509  243  1092
5426  3759  685
899  4014  4013
6349  6336  3178
1005  5350  67
1636  3754  4013
5721  679  5261
3346  1439  5586
1190  244  245
2178  244  5343
2755  6122  6422
550  887  5529
6275  6422  6122
5900  5899  3323
2968  4762  599
2942  2961  1995
2312  3345  5228
2504  1637  2553
512  5948  6295
4976  6412  382
4591  336  1338
1338  2306  4591
2891  382  494
3320  4608  2973
5450  5652  3806
6349  6343  3694
6416  3201  1637
6349  3178  6343
4929  3418  3176
4664  3205  6351
6344  3091  3582
3201  2957  3159
5104  2273  2268
546  4291  4118
5609  4296  3496
2081  1008  1009
2035  50  152
5801  1008  2081
6125  286  2121
3488  356  3280
4322  1680  2056
2060  6420  2059
6420  2304  2059
4335  6196  2381
2170  785  4023
2826  4410  1242
2649  1242  711
2316  1615  2877
2316  2877  5803
491  3361  3941
3941  3361  3074
3389  3038  4292
1994  3038  3389
5988  5207  259
5226  1828  4707
3307  4408  5669
5692  1851  1828
2111  308  187
2171  6211  2804
3787  4018  2649
5381  4983  3788
3977  3357  1400
4539  2378  2164
3830  6271  6217
4928  2788  5162
1266  3562  4272
1397  2841  1075
1397  6217  2841
1337  689  146
141  4201  3145
5484  2134  3581
3132  3767  2142
1120  4027  695
609  5263  5248
3119  5451  1651
2518  603  5558
4312  4544  279
4461  4087  543
4663  277  1351
2411  4481  4726
1576  2406  2409
3451  1232  4994
3718  2881  1825
3147  2749  615
5809  4716  2297
5789  4716  5809
1345  4967  378
1825  637  1400
4283  5811  3106
4664  5069  1939
4326  5780  5833
5861  3167  872
3356  872  3167
786  1881  2165
5165  4382  256
5609  3496  50
6363  5334  4074
3291  2283  375
2371  1347  895
1658  5911  5932
5511  6215  6218
3119  4724  1339
737  1339  4724
2753  3837  4332
1348  3608  69
4043  2360  6200
4364  2146  806
5783  5684  4054
5061  1711  5656
1531  3366  3562
29  123  2893
5529  894  888
5341  1503  5349
5065  191  51
3418  4118  4291
3177  3179  3176
5447  4940  5856
5695  186  1858
421  4636  4644
186  554  3591
2793  4333  3567
3623  113  4280
4421  2908  2897
6200  2741  4043
4636  421  425
2971  2172  2171
6021  3127  3944
3849  252  783
4800  3860  1413
91  890  1372
5108  2597  3420
2299  5674  3420
6404  2291  1367
6430  1118  3457
111  1118  6022
308  5532  187
5446  6013  1274
2227  4807  5919
3136  5473  4667
1580  5590  1581
3237  321  1436
5287  3331  262
2627  1653  5181
2210  4239  2536
3412  5726  121
4543  385  588
1400  3984  4785
5009  6405  1435
2760  4330  2730
3249  2058  3352
2470  63  41
4285  6117  2730
5305  3160  5896
3835  840  3160
4863  1930  1994
1484  1930  4863
2195  2198  4926
5722  4835  388
1229  3509  5486
4812  2759  3010
1291  1843  4196
3768  5255  5151
1371  1514  3723
1823  4083  1190
975  6174  3212
6304  5105  2144
4296  1802  1806
661  660  1201
6291  6156  2005
2665  4838  385
4543  2665  385
1223  4483  4486
4217  6219  6367
5889  4195  27
2019  5255  5474
4240  4191  1096
5304  81  4986
3981  5885  1501
485  690  4725
921  3255  5733
3643  2699  4920
5892  3161  5052
1031  1042  5887
4726  4783  2411
5422  3426  2879
974  4987  1015
969  4481  2411
5667  6078  5107
4383  5886  2759
6066  5538  4969
5060  3037  1358
5060  554  1824
6104  5722  1358
4933  4930  4054
4201  5344  6298
367  2303  2466
4293  4323  5349
6292  5918  3243
5594  5009  1434
965  1582  5488
321  3237  3624
5550  3719  5558
3237  2483  4965
2173  6298  5344
5578  6107  2668
2891  494  6031
435  2882  5361
5480  5164  4394
4039  3648  2963
1634  965  5488
1079  1644  2997
5857  4475  6197
5413  5416  1522
1830  5418  1287
2963  4238  4039
5558  603  5559
848  1610  3257
684  4479  4973
2547  4896  431
1803  155  3501
1240  1286  4640
1880  5593  4730
3644  2108  4995
1645  4388  6058
3159  6308  2542
594  804  4797
2983  3852  4938
4252  5538  6066
5789  1874  4716
4384  591  5496
782  2199  2200
5963  4632  1501
4384  5496  4920
5737  4391  1710
1723  516  110
5346  596  1958
2088  3883  344
1954  3324  4936
6020  1050  270
3637  2534  4936
2793  2792  5491
6356  5283  5531
6031  2886  1677
660  832  1201
2469  5977  6098
5977  2469  2320
3317  5342  1960
679  1868  5261
196  2510  1609
2510  2972  4286
372  1636  3848
3769  3867  3165
3645  4272  3562
5100  101  6019
2517  5536  4011
1340  3759  678
4279  4011  1420
6034  2860  6348
2042  5669  5889
5888  2697  1228
95  5882  3341
3135  1017  3178
2291  5683  3861
4034  2661  5435
3320  3319  5163
612  2057  3117
6010  2458  6013
146  254  5411
4088  5948  3505
1091  1209  5487
3628  4186  5487
2132  854  1302
1745  2326  1099
283  3361  6274
2284  3074  3093
4788  4031  2962
5299  2507  5826
5892  5686  1719
3416  4031  4788
3834  1364  3886
1394  148  6277
6368  1206  2056
3170  6264  3848
5809  6262  5789
769  5951  6063
5256  944  1392
3012  1098  5006
4076  5330  6287
1099  2326  2304
6297  4321  6022
3414  539  3075
2121  5404  4329
5810  3349  6410
2959  3197  6261
6420  1099  2304
1998  4284  3587
2060  2057  2293
696  4806  601
2312  2038  3345
5400  3687  4183
3340  3737  1830
1071  3204  5324
5233  2034  1774
4940  4939  381
1795  2508  2034
5183  3030  5184
1048  6357  3355
5601  3200  1674
6208  5418  1830
3763  1932  1941
4156  2381  2380
5850  2020  6218
3176  6342  4929
890  2169  834
1957  6029  3503
3503  3908  1957
4422  3891  2501
1479  5819  1800
3725  2140  2436
1709  3355  6357
4760  6221  914
4790  370  3310
5422  893  364
5184  3030  4947
4790  1849  370
782  6010  2199
3070  4744  1913
4197  2837  3886
4245  3934  891
3758  944  898
493  4237  3359
2374  493  3359
4337  5345  3254
4311  4337  3254
4472  4242  206
767  3269  3868
3075  539  5517
24  3338  4712
1120  3650  4556
3119  1651  2023
1877  4708  3088
6015  1117  784
5110  3603  379
1049  2509  6276
5977  2192  6098
5509  5514  780
6234  4628  3599
1594  4079  1351
5981  1749  5166
1097  2105  5080
3605  5266  767
682  5535  3822
3605  4611  5227
4776  3169  4729
5236  5982  3633
5193  3920  1356
6026  2892  1638
3982  6197  4475
4406  372  3848
2588  5343  971
5974  1275  4539
3196  3869  4081
3985  595  6032
872  3095  873
3253  3150  3838
888  894  5684
1644  6411  2997
4221  3650  3029
5659  4556  4221
2211  5808  127
4316  4182  4667
202  203  4608
4515  39  2832
2591  2192  961
1115  4338  2209
2692  1011  1115
153  152  3496
1014  4544  5554
1036  1069  3027
6023  4241  2439
3419  5585  6316
2463  4386  6093
2290  2580  4874
4796  3184  556
1866  270  1050
4570  33  1866
829  2484  2894
5583  500  6102
6415  1229  5486
4479  5369  4973
6276  2509  5407
5603  2208  3037
5323  2939  5322
3170  1636  4013
555  2955  4545
2794  429  1848
4545  2794  2645
3578  2345  1401
63  3036  4740
6022  4321  1724
897  4417  4016
6428  5250  2319
3937  1589  3173
1509  1588  4632
831  5583  3101
1224  5005  68
4942  6217  6271
581  4458  4457
4458  2751  4457
1799  4518  1586
3142  3863  3693
5650  3101  5583
2357  6277  5411
595  2073  896
3169  3937  4733
6344  5262  2118
4735  4995  1590
1123  47  2143
3012  5006  5951
5895  840  3163
4247  2904  2541
5363  1144  4247
3946  2074  1718
5205  786  1617
5744  4236  5205
5426  685  1411
6291  2005  4965
2932  5986  5280
5456  2074  3945
1718  2074  5456
278  2648  4993
6262  2860  2923
5074  4033  5265
6262  3417  2860
2012  3417  6262
3417  1073  2860
2073  866  896
3602  896  866
2358  5109  5710
1527  4223  3027
6015  1116  1117
4561  6382  5694
5681  1267  1793
4565  3693  124
3985  3104  2073
1575  2223  5590
6103  5726  1087
3412  1087  5726
3929  4781  4170
2402  5783  4054
5973  4293  430
3238  5010  2958
1517  3013  4979
1176  2329  1430
4799  3688  5592
4237  343  2373
6291  4965  2958
2623  1239  433
5665  3139  586
433  1855  2623
4146  5849  6213
5730  2285  123
893  3811  4424
770  4419  4423
1586  4518  433
2310  573  5534
526  4593  2105
6217  4942  2841
6058  4379  1645
5211  3919  580
2170  2380  2381
3916  1329  5744
1861  2921  262
6304  106  5715
2691  1998  4156
4033  3144  5405
4335  4156  1998
5744  1329  66
5337  1311  2086
4659  5337  1865
1036  1039  4328
5108  5067  2597
1646  259  3565
1364  1438  4074
6114  2745  6366
1231  805  809
5612  3718  4010
2318  5858  1588
3510  1407  1850
125  3425  3452
4452  4750  5663
3867  5829  5213
1293  5829  976
2671  3380  6200
1785  4292  574
4636  425  4645
2303  2305  5209
5206  3502  436
4722  5513  3092
5268  5665  586
6098  2192  2591
6266  2002  4741
1576  1577  1583
5268  3451  5665
2964  5577  4316
5283  6356  1317
2193  2511  682
4791  6026  3333
4029  544  5533
4624  844  306
6266  4459  544
1666  2659  270
1563  2361  2413
6057  4624  306
35  2658  3158
3960  751  3936
123  2285  2893
783  238  3849
4009  6033  4016
5074  2791  925
1891  4945  5762
2467  4945  3584
6106  5877  5799
4190  5307  3255
836  1632  5412
206  1632  680
6096  4320  4972
5743  5497  4625
1923  2751  1477
515  3143  5366
1361  4288  4662
4662  4040  1498
4073  1652  1226
2211  4069  4025
1891  6119  6290
961  4184  6090
961  6090  39
5609  4811  951
4660  5441  6127
2176  4994  246
4025  4069  6334
5714  1333  6120
1576  4996  1577
6177  2584  6179
4531  1183  5597
1858  4531  943
4622  1787  4029
3357  638  1825
6366  3595  6114
1232  3451  3258
5674  1368  1200
2102  6121  2642
1508  4638  5252
2072  4193  3107
4624  106  1254
1200  2343  5674
1268  4072  2037
3832  1302  5253
6200  2360  2671
2276  2272  474
5011  2034  5233
4878  4111  5975
1875  62  3156
1939  3460  3205
600  3641  1345
5892  1711  5686
1719  5686  2461
4202  5656  1711
1642  3334  5617
5950  4459  1256
893  5422  2879
549  1184  5333
2075  5162  2788
238  5085  3849
2461  4524  1719
288  571  6270
3620  3721  2757
4792  3145  6298
750  4330  2760
5858  3981  1588
541  243  4632
5078  1501  5885
1349  338  4219
2927  3410  3074
3849  1828  5226
1746  1808  4977
1746  4119  1808
4287  2831  5489
2519  4779  5654
2579  2797  2277
2712  2797  2349
5681  4986  1667
1592  5002  6404
920  1137  4036
916  1399  913
6011  1581  5590
6103  870  5726
809  805  1255
1634  3324  1954
3015  4383  4709
4076  1227  5330
2352  1433  6195
268  4192  2095
2276  5591  2272
6078  783  252
3983  4390  3367
2193  6202  5087
1936  3456  2787
2645  1848  4644
2645  2794  1848
36  1861  262
4931  1954  5267
65  3239  5848
1857  3558  4932
957  691  5408
1526  4081  3869
1397  1075  49
2757  3722  2939
3417  2012  4788
2109  1885  1865
1202  5809  4944
2403  4931  2410
2067  4779  358
1587  1190  901
2377  800  5497
2179  4923  1089
3261  1089  4923
4195  3560  2593
5012  5004  4658
1119  946  3040
3035  1194  4081
642  556  3184
2895  3455  4941
5830  905  5106
1073  3417  3651
4635  5496  591
1290  2871  4645
388  3591  686
2283  3291  4794
975  4170  4781
6401  5004  5012
1348  4469  3608
1584  2403  2406
2942  191  5983
4461  5192  4087
5593  1590  4730
2437  5593  1880
889  2329  5003
4888  4891  3399
1914  5363  1912
1720  5158  1912
803  6180  6182
6292  3001  3654
919  2287  827
5339  6243  5856
2836  5856  4940
127  803  6182
4457  1074  577
339  577  1074
4762  2429  2440
3165  25  2113
6321  2716  2057
6117  3358  379
6066  6095  339
1788  5444  710
4880  3268  4630
5789  6262  1874
6420  4336  745
6420  2293  4336
1367  2291  3861
95  3341  3007
6058  5304  4379
5323  6300  2939
4658  4139  4138
1724  4321  1731
111  6022  1724
2099  1707  5269
3894  904  1393
3423  5724  1917
1393  1917  4520
5714  6120  3413
4745  1596  2055
1299  4889  1759
2167  6213  4429
141  4030  4201
270  33  1563
612  1998  1396
4629  2459  3265
2320  5176  4832
2730  379  4874
2835  5036  2206
3166  2878  4938
4760  6207  85
34  1677  2832
830  2281  519
6020  2859  1050
1031  5887  1604
5345  3323  6112
1519  2835  2206
1996  1371  2435
1181  999  4379
3510  1850  4794
684  5302  6267
5508  3860  1222
2874  1295  1844
4117  1743  4929
3041  947  951
5848  1362  957
2874  639  1295
4296  951  947
1292  5720  736
3558  5720  1292
5193  2096  683
2047  1645  4379
6123  5436  6216
65  2330  3239
4428  4895  3171
5826  2166  5299
784  1117  4567
307  5952  3753
386  2011  3044
967  5511  5404
5403  2439  5259
5966  3266  1743
601  4806  5179
3204  3093  1333
3412  121  5714
500  5583  831
741  48  5155
4077  5155  48
3714  3810  1752
1864  2744  2655
6027  2652  2653
4668  4638  4623
852  3593  4103
2459  546  3265
2922  4103  3593
6092  5151  3596
6092  3596  3333
5151  6092  2075
6416  1637  2733
3094  3166  5806
3581  3362  3516
972  5256  4011
4199  1915  807
3140  4382  4637
2666  5914  2201
2128  2468  6028
2514  5416  424
3885  489  66
2091  3245  6028
2411  4783  1729
5480  1298  4278
901  1190  4083
5731  4541  1993
4460  6094  1515
5304  6058  6093
5559  5552  5558
5822  3382  5880
1590  4995  4730
905  3894  2309
4485  4983  4486
2104  5969  3259
2353  3244  1402
3896  4881  4421
3822  3329  1361
1660  2669  2207
4147  4760  85
2890  4470  1796
196  3713  1503
2193  575  2511
3638  1675  5173
5225  2662  4989
2138  5479  4037
2169  128  834
4879  4878  3008
1650  5812  2053
2535  2326  195
3485  3102  3486
6022  1118  5532
5428  4948  5251
5428  5251  2116
1613  1996  2435
1996  2048  1514
2699  2116  5251
5880  3382  2278
4354  5669  4742
1364  2502  1438
5533  5950  962
6428  2084  2197
3690  2078  2162
5764  2924  5759
1585  5764  5763
1012  784  692
3032  4621  338
3076  3512  2197
3032  873  4621
5304  6093  81
4556  3650  4221
777  1801  4140
1706  4858  315
4252  4364  5538
4969  5538  3158
63  2359  41
4448  4982  4689
3197  2959  527
4246  824  1189
4554  945  1119
1505  2858  6101
1865  3099  2109
4955  1753  3944
1831  5807  717
871  4523  1506
4389  1518  3153
3426  6421  2276
1294  641  4473
4535  3506  4470
4286  5282  1609
5228  3345  2968
5400  5228  599
3240  6152  2161
2108  120  4682
1880  5666  4890
2108  4055  4995
901  3244  2353
2895  4941  5274
4422  2501  1305
517  3604  3162
4072  4199  1230
1720  5363  2201
5403  6038  1298
839  3832  5253
1846  37  5723
680  1632  836
2935  145  2595
4429  4151  52
103  4086  4220
6350  3185  6333
4072  4600  2037
4939  3584  381
52  4151  4152
4712  1845  3291
3135  6042  1017
4036  3151  6252
961  4515  1429
6042  6041  1017
6343  3178  1017
6321  3106  3505
2620  1585  5763
4838  2665  6383
4793  4481  5537
957  1362  691
975  4078  6174
5233  5234  6409
4889  2135  1908
1095  4169  5728
1676  380  3215
1095  53  373
1095  975  4781
5912  6126  2538
4075  3842  2640
100  897  1852
2584  6334  6209
3264  734  3263
2885  4737  4035
1857  4932  3241
3925  6157  6402
5945  3196  1194
1357  2089  808
4076  2357  1670
1750  5900  2970
6213  5849  4429
4429  5849  4151
977  5586  1439
3559  4611  5857
3269  5266  4318
2140  3868  607
3013  1136  4979
5852  5853  1019
3182  5983  1310
679  5917  1868
1189  824  5364
679  342  5917
4316  5275  4331
3718  638  3595
3718  3595  4010
4024  5417  5490
3351  190  3833
4316  5577  5275
4667  2964  4316
4642  3907  641
2828  1113  3248
4238  4973  5369
3051  4108  5414
1803  3501  946
1585  3169  1334
2378  5800  2164
1221  946  3501
5618  92  4104
5106  2327  1952
622  482  3355
3349  622  1709
5509  4978  5514
1952  2327  4414
5710  802  3256
4741  4297  802
1217  1568  3688
967  4163  1313
6125  2054  286
905  904  3894
4137  1807  6353
1794  2103  5984
2536  4239  3143
2536  3143  515
2534  887  6225
1031  5710  3256
5109  1182  802
831  3647  6347
6315  5601  4109
3038  574  4292
5230  602  3013
1395  3647  3101
4196  3705  665
1611  2656  4241
784  4567  692
103  2091  6027
6023  1611  4241
6128  2694  1301
4255  4251  4254
4490  4489  2649
4054  5684  894
6297  6022  5532
5721  6216  5436
2592  2962  3364
5897  1341  5898
2162  4217  6367
2962  5573  3364
5888  2712  2349
4399  4394  1611
3648  4239  2963
3581  3516  4692
1845  3510  3291
3641  3689  3152
3689  4735  3152
487  5442  5657
1615  5080  4270
826  3880  3870
2057  3352  2058
1745  3517  2642
4355  992  4984
299  1852  897
4742  5669  6425
188  6405  3433
970  999  3049
606  610  6381
5268  3895  2790
2175  2176  246
4117  4929  2289
5829  5663  1850
204  5156  4757
139  1921  4113
3177  3418  4291
2277  1228  386
2459  1746  546
2104  3259  488
4218  6265  1122
542  4921  4475
6117  3314  3358
2006  2064  787
194  265  2328
4529  2064  2006
3771  875  3028
4399  1611  6023
5818  892  5000
4033  5074  3144
338  1349  6265
5791  6416  3808
6201  3280  365
2223  1582  5590
5652  2271  3514
5193  683  4245
1796  4470  3506
5659  869  4556
4535  1632  1138
3642  3153  4491
4185  233  3312
5006  5766  5860
5889  5669  4354
5943  2873  301
1992  895  2843
1570  637  2842
4389  3153  3642
895  493  2374
3396  3315  3395
1393  3762  3894
3396  5463  3315
2513  1243  4755
2082  1918  1274
2405  4785  4019
3673  361  367
1135  5731  4012
6353  3438  4137
1032  3838  3174
4094  1225  715
2438  5321  2560
3237  4965  3624
91  1659  4990
1630  3342  3250
4736  5406  6025
3427  383  2230
1135  5362  2202
4734  6097  2098
1829  4330  750
3641  2098  1345
5892  5052  1711
3635  3007  1566
2832  1677  2886
2695  4717  5768
1360  5919  1756
2295  3428  44
3459  44  3428
3032  338  6265
5554  1122  1014
6263  4720  4721
1998  3117  4284
5512  6196  4329
5333  3941  3865
186  3591  3755
1887  2147  5103
549  5333  3865
5082  4857  6238
4751  5165  5804
5715  5606  5105
4780  5719  1863
1203  186  3755
5673  5302  486
899  3757  5302
3237  1436  3302
3723  2977  4763
1186  3168  4285
6361  345  3717
207  3148  3168
94  92  1092
1845  5687  3551
4449  1317  4110
2752  1406  5254
1670  2537  3563
307  3753  903
961  1429  2591
1139  5668  4744
2091  1993  3245
5890  1642  5617
307  903  2299
3500  4082  5595
5595  2930  2938
5104  2268  2355
5104  476  475
2299  903  1368
3806  1078  3809
5591  2271  2272
4522  5587  46
4716  5496  6268
5428  2116  340
6034  6105  340
6430  2441  1118
523  524  572
3159  2553  3201
2671  2360  6315
2499  3484  3346
1354  2110  1315
5797  3803  5286
1666  2413  2110
2110  1354  1666
4786  780  5269
751  3960  1374
582  1999  3816
5914  5441  4478
2307  4171  2378
5400  4183  5228
737  4724  6011
4733  4537  1045
1020  3129  2898
2754  2135  4889
4627  1502  2971
5725  5280  5281
126  3129  1020
2741  3380  5881
4286  1609  2510
1119  1803  946
2145  3419  46
3933  2145  2974
3175  4692  3516
1887  5103  1960
120  3857  4682
3857  5666  4682
5981  4537  249
2200  2199  5697
35  4191  4240
1231  809  3363
5236  3633  6154
5236  6154  2352
2232  3343  5911
587  3487  4779
5981  249  5308
1230  4600  4072
5035  2008  5813
4515  1847  2888
1847  4515  2832
4082  5970  2930
35  5827  2658
4201  4030  6009
3943  2309  5712
5106  2309  3943
4298  978  1187
3141  1454  1304
3098  3831  6111
3726  925  1141
435  5361  6412
2179  5349  4923
736  3935  6195
1503  4923  5349
2077  3096  1416
1653  2195  5182
2195  37  2198
3075  1504  5510
2094  4394  1363
1038  2795  2349
234  3052  1204
4943  1076  5174
912  3857  120
1043  3604  1241
5857  3720  4475
3012  1201  3302
1232  3258  3318
4625  3830  1398
4932  2330  889
4932  889  3241
3558  1292  1679
2512  6093  4386
4800  6203  1222
4386  2463  4388
1293  976  5232
4423  1205  1218
5513  109  3092
5601  6333  4109
3199  1418  1423
3362  919  3636
5484  4692  846
3204  3199  1423
2516  5175  5257
2357  1751  6277
4535  1138  1137
3359  4538  2926
4708  2508  2085
962  4982  5533
5070  5066  2278
3410  2643  6120
318  4980  3242
5283  6408  2516
1743  4117  3264
3332  3128  2656
2559  6290  6119
3318  3258  2970
381  6361  3717
4481  969  288
571  3395  3315
972  898  5256
2515  1100  300
1093  6124  1859
3758  4427  1859
3586  2627  36
262  2921  2112
5009  2079  6405
3456  1305  2501
2942  5983  2961
837  434  2317
3214  6406  6384
5945  507  5261
5813  4244  1142
5152  6102  3805
1864  2655  3334
1679  1292  3239
4743  256  2051
1216  5408  4709
5191  4636  3031
5236  2352  3935
1857  5720  3558
3558  1679  4932
3099  1694  3334
1288  2047  1291
1222  4136  4141
2051  256  4756
3590  5604  1995
2546  6111  3831
1015  4987  5248
3099  3334  1642
262  752  5287
4319  4778  4154
752  3959  5287
3091  1318  3582
1318  1574  3582
265  1301  593
1076  3134  1929
593  1301  4168
906  3344  6014
522  2960  874
2310  1564  2500
2512  81  6093
52  1343  2166
598  40  510
5444  3394  710
4335  1998  3587
3789  1223  5381
1613  1614  5835
3098  6111  146
2283  1185  744
3291  3510  4794
2195  3586  37
37  38  2198
2880  4424  45
876  1141  925
3333  3596  4791
2169  2168  128
581  2761  4225
5304  4986  3579
5914  3589  1720
5846  3579  4986
5074  5265  2791
2920  4875  6205
262  2112  752
1931  3394  5444
1643  5464  3966
3264  5965  1743
1790  5180  2350
146  6111  1337
4656  2791  5265
5480  4399  1298
126  1020  125
6266  4741  4459
486  1511  2210
1651  5451  2619
2002  4297  4741
4427  749  4657
2516  5531  5283
5257  5531  2516
2079  511  6153
4037  5479  1638
3070  2128  3245
5163  2515  3320
5451  1239  2619
1230  4199  4534
6318  2342  4334
4068  3767  3132
4332  3837  748
381  6360  6361
2755  3354  195
841  6275  1370
3717  2978  3724
2171  4627  2971
95  6111  2546
6318  3833  2342
838  6278  1202
3831  148  4332
5890  853  4991
2691  1396  1998
5719  6061  2653
6061  3936  2653
142  1202  6278
3158  2658  1229
5861  872  873
4708  4317  2508
6085  2500  2311
2585  5969  2177
1636  372  3507
1176  1430  5487
3629  3926  3073
3410  3093  3074
5332  2660  611
69  1121  3029
4461  6234  4544
3863  4088  2762
1240  830  1286
6099  1423  1418
5063  5324  3600
4276  90  2484
829  4102  2141
5859  68  607
6102  2740  6244
5591  6421  3124
517  1956  3583
3162  3604  1707
2167  5826  5979
3124  3489  2271
3816  1999  3889
5724  6269  1917
917  3755  2127
5591  3124  2271
2351  1197  2127
2358  1931  1182
5853  2358  4155
5734  5361  3122
2896  5509  780
302  1224  5859
282  1238  1187
978  282  1187
2840  4146  6213
1036  1886  3203
3342  2371  3250
2374  3359  2926
640  2842  1992
4285  5896  6117
4237  2842  2672
2845  2873  343
4978  5670  2076
1013  6269  1405
804  2000  732
2839  3495  6198
1182  1931  5444
5363  1720  1912
107  827  823
1750  4757  5156
6117  5896  6224
6220  2822  1070
4333  370  1849
6266  544  3828
1231  35  2424
35  3158  2424
644  5005  3039
2829  644  3039
49  2829  3039
522  3982  896
6240  1194  3035
5070  3164  3360
4800  5229  4641
3043  1221  4631
5876  3709  587
2519  5876  587
5305  5854  3160
2225  5275  5577
6015  3602  47
5307  3151  3255
5412  4535  4470
4743  2051  26
3165  2113  3769
6154  2998  5007
2640  5581  868
5301  543  4087
2538  1353  5916
1372  93  5387
6402  3627  3437
1508  4386  4388
3437  192  6402
4623  4638  1508
4668  3043  4638
4776  4729  1594
6264  3940  5875
1204  3052  5415
1670  3563  1227
5264  1801  777
3303  4223  3304
1069  1527  3027
1340  685  3759
438  4483  1223
2462  1340  678
6098  267  2191
5714  121  6346
6013  2458  1274
899  4013  3757
4022  105  4165
1749  5308  3939
2774  5426  2533
599  1856  5400
3252  6091  5584
3717  345  2978
3687  5584  6091
5882  5249  3341
2146  4364  4252
484  713  3792
5252  4631  6203
5714  6346  3199
1287  2934  1830
4643  2934  1287
487  1290  2051
3743  768  1888
2463  6058  4388
2937  1657  4360
4624  3100  106
5826  2507  5979
4892  6212  6388
4892  4142  6212
3158  5538  2424
2650  3127  2591
4380  5413  4198
6118  5403  5259
1139  4541  5731
1263  4199  140
2123  1939  5069
3665  2279  66
3002  6239  3924
3924  439  3316
6206  6364  3924
4199  807  140
1095  5728  975
3454  6114  6100
4014  614  4013
3757  3754  2956
3321  3320  247
974  6342  4987
203  5596  4114
3609  4580  5231
6341  6342  5285
3927  4961  5001
6341  4987  6342
3693  3090  4563
3090  2762  4563
1186  4330  4563
2762  835  4563
2270  145  6311
6340  5285  6342
1019  1602  2505
5476  5439  2129
2167  4429  2166
5332  611  3865
4336  2716  3505
5333  1184  1872
3604  3583  1241
6057  306  5168
4999  1241  3583
4202  1711  6320
1935  911  2504
306  6216  5168
3503  5976  3566
6264  2967  3940
1940  2270  1716
5063  3600  4391
5324  1208  3600
5084  2454  5513
495  2305  5422
4722  516  5513
4668  1288  4639
4540  5650  1530
2454  109  5513
4540  1395  5650
150  4135  1221
4019  5260  3033
5554  1671  1122
4518  1855  433
2205  3942  2162
5334  4197  4074
1581  4723  1580
5613  4690  3146
2760  2730  4874
493  895  1992
1873  979  6271
611  549  3865
2164  5800  6293
4071  2468  5890
2839  6198  6207
4450  853  5890
2350  2314  807
3689  3829  3644
2269  1890  3121
3177  3176  3418
1603  5730  236
1391  3250  2926
4384  4920  2699
4384  4425  591
4186  3926  5487
1216  957  5408
5155  4077  324
252  5855  6078
3864  1484  1046
32  2210  2536
905  2309  5106
3439  6385  5931
2200  1414  5170
3076  2084  1563
1414  5534  3512
3096  4777  1862
6321  646  3106
2126  2986  1234
5724  3761  4594
5594  1434  1433
2328  1344  5530
2327  4339  4951
1666  270  2413
2327  4951  4414
6023  1298  4399
781  870  6105
3323  5899  6112
609  4987  6341
4036  6252  5401
4997  4761  5307
6305  6290  5934
4075  2640  3147
4946  4274  6204
2969  906  4630
906  2969  3344
6338  3202  6339
5300  2235  3647
5341  3986  5831
4734  514  1591
2108  3829  120
1959  4276  2484
4389  3642  3593
6424  200  4116
439  438  3316
362  2880  45
6043  4116  200
3002  3924  3316
439  4477  438
6424  4116  4877
2094  1363  6094
2005  3624  4965
1098  1436  3246
263  2087  6199
3037  1824  2664
5060  1824  3037
3326  1866  1050
5289  1910  2001
4012  4603  2001
920  3108  823
3509  2872  2885
2082  5172  1918
6010  1826  2458
2758  512  6295
3896  4421  4961
1135  4012  2001
2001  1910  2773
2148  2644  2163
1135  2001  2773
2510  5831  2972
4875  1796  3506
5695  1824  554
2655  2653  2652
2653  3936  751
6027  2653  751
751  812  103
5233  5947  5234
434  4492  2317
1181  4379  2889
5861  643  3620
1588  3981  1501
5367  1521  387
2202  2207  6104
1725  1726  1233
2202  5362  2207
892  1042  1038
1652  1521  5366
1652  4040  70
1509  4632  243
483  1305  6338
1083  5891  6177
5554  4544  4312
3126  2484  829
4877  1748  6424
5825  914  6293
6221  6293  914
3161  580  3748
3337  2763  4595
4927  3554  3592
1511  486  5302
1882  1614  5212
2210  1511  1355
5715  3100  746
106  3100  5715
5416  1573  1916
3027  4223  4380
2876  5847  1878
3654  6387  3929
5475  2115  4120
5475  4120  5945
2836  5339  5856
2564  2565  6361
5002  2093  6294
4791  6025  6026
980  5988  5942
3423  1917  904
3897  5286  1752
1630  3249  303
1630  303  3342
3156  606  4385
2246  1258  96
4068  122  3767
6268  5496  4635
5727  6268  1953
2179  430  5349
5341  5349  4323
300  2148  2163
1630  1391  6409
1436  3012  3302
5810  2279  3670
5283  1317  6408
6059  2831  5340
3500  5340  2831
785  2170  5183
5972  5968  4627
5979  2507  5069
5979  5069  1714
1743  3266  1507
5830  5494  731
1435  6405  188
189  4140  1801
2281  2136  519
6011  4724  2696
4725  737  485
6011  485  737
6011  1582  485
546  4118  3260
1240  4387  830
3265  2586  4629
4811  5609  50
5154  1732  1369
3602  867  522
5667  5107  4381
5154  1369  4456
5491  2792  257
6015  867  3602
522  867  2960
870  4080  6105
3981  1020  5885
781  6105  6034
5822  5881  3380
3863  5948  4088
6421  3426  2303
4739  2364  570
2897  6312  5001
5601  1674  6333
305  5830  731
5737  5456  2377
3238  2958  3013
4141  154  2444
1654  2752  5912
5235  3551  5687
6021  1754  2694
281  5737  2377
3042  5232  4423
1395  3101  5650
5320  1862  1863
5070  1417  5066
4739  5688  2364
3342  1035  2372
192  4143  3069
5413  423  5416
605  1774  3891
1754  1058  2694
4415  2556  6198
3303  423  5413
832  660  1568
3342  2372  2371
5061  5656  911
470  5656  2933
105  264  4165
3052  4745  5415
2055  5415  4745
2878  2983  4938
1605  787  2341
5447  5856  6243
2502  3834  5421
6425  5814  1851
1828  1851  4707
28  6425  1851
4387  1510  5664
517  3162  5515
5831  3986  2972
615  2748  2929
4452  5663  5829
145  2935  6311
155  150  3501
2315  3038  1994
1221  3501  150
344  74  253
645  5425  3984
2428  2929  2748
6220  1070  6219
925  2791  876
1406  2752  1654
782  1826  6010
4926  5182  2195
3924  6364  284
3326  4258  1826
5063  1712  5064
3326  1826  782
5001  6333  3185
3885  2279  3763
139  3927  1921
121  2235  6346
3165  6403  25
541  735  5108
3198  3159  2542
3139  2520  586
5964  2520  3139
6222  3886  2837
2838  6222  2837
5660  6119  2837
2838  2837  6119
5334  5660  2837
4364  806  5284
3792  458  484
112  2117  3157
142  4788  2012
2442  198  3669
1334  2590  5760
2442  5174  198
5301  4805  6097
95  3635  242
826  3870  1049
3687  5400  5584
4282  4725  4719
4556  2547  4027
3748  977  3161
5941  2267  4094
3364  5790  2592
4080  6103  3606
1576  1584  2406
3562  3845  996
1634  1577  1681
515  2204  3172
2843  2562  640
4336  512  745
2435  1371  5187
1570  6109  645
145  1530  2595
5485  4758  3065
281  2377  5497
5497  800  1873
1182  5444  4459
5007  2352  6154
3140  4756  4382
1000  4198  5161
6305  5934  5933
2311  2500  5697
3761  4595  5254
1530  1682  2595
233  2937  3053
4595  2752  5254
1014  1122  1938
3771  3028  3646
4545  3089  555
2936  3958  4761
4545  4811  3089
6216  2857  3578
4759  4625  1398
4380  4198  1000
493  1992  2842
1419  6121  2641
3246  4561  147
6245  6426  1663
5250  6428  2197
493  2842  4237
5916  1353  1189
4886  455  3786
6210  1863  2744
4044  4886  3786
3763  2279  5810
750  6276  5407
2224  4988  1867
6092  3333  3077
6109  454  645
6390  1676  938
4426  1676  6390
4861  454  6109
4076  6012  2357
23  2045  3338
1923  1477  1486
5332  5064  2660
5662  4312  3034
5808  1676  4426
5436  679  5721
6026  1638  268
1243  518  4755
4390  6358  4896
3584  4945  1891
1570  640  6109
2881  3718  2845
1673  5588  1300
3041  2645  4644
5456  3945  4728
4625  5497  3830
2121  286  4163
5451  1586  433
5368  4075  3147
2285  1603  995
4044  4521  5937
3106  646  4283
5857  6197  3979
5516  4318  5266
24  23  3338
1407  3510  1845
848  3257  5483
65  1579  2329
4888  5483  3257
4521  3786  716
5331  5580  1803
6128  1301  265
4627  2171  5972
4493  6016  6317
964  3852  2983
5554  2149  1671
737  4725  3348
1123  2143  1671
6114  3454  2745
3162  302  5515
3269  5553  607
5731  1993  4220
3604  1043  1707
1859  4657  4244
3628  1209  4416
5296  2050  4194
2887  2960  867
784  2887  867
2655  5617  3334
4056  2674  5179
3643  4920  1874
5807  875  3771
942  4801  3766
5250  573  4480
2691  4023  1035
5484  3581  4692
4480  2316  2319
2197  2084  3076
687  4189  1360
1869  1708  1003
1869  6299  1708
687  2206  5036
3331  36  262
3329  3822  4225
5535  4225  3822
88  4887  2658
4875  3506  6205
697  4254  4251
5813  1093  4244
5914  4478  3589
342  3511  5917
3304  4223  1527
2201  5914  1720
935  3180  2425
6198  1516  4415
6426  6245  6079
1858  186  1183
1399  910  913
106  5493  1254
1199  4593  5440
5440  4593  526
2006  787  1605
1854  2344  2064
729  1254  5493
3322  3321  247
3739  257  2792
6024  1299  2408
6249  4037  1638
3869  5261  1868
4029  5533  3335
3725  4921  542
4446  5877  1342
2459  4629  488
5769  1342  2506
2790  2970  3258
5769  4446  1342
1254  729  844
4794  5663  1185
2246  2122  4661
5334  6363  5935
2179  1089  5967
5952  2246  4661
5952  4661  1854
3894  5611  2347
2404  2406  1153
6340  3176  3179
5363  4247  2201
5230  3013  1517
2104  2177  5969
1094  4035  4073
470  2933  4834
148  3098  146
4711  6422  6275
5651  1513  5883
3325  265  593
4792  4523  2643
2351  3755  3591
2927  4792  2643
2123  4248  3164
2166  1343  2165
5337  2086  1865
91  1372  5387
3410  2927  2643
4286  4113  5282
1602  2629  2505
2351  1606  1197
714  490  2825
923  4034  5435
3761  5724  3423
5173  1675  5420
4166  399  5100
2144  2587  5493
5949  2150  3415
5252  4638  4188
1019  4155  1601
6110  3581  2134
6110  2134  4101
6367  1070  2205
2513  4755  2376
2376  4755  4925
3485  5586  3102
5164  5480  739
190  4693  3833
1601  4155  4357
5435  1759  1077
492  4885  4633
4034  923  513
4114  2973  203
3724  1514  2836
1413  3860  2796
5490  240  5418
5894  1016  4115
3148  3106  5811
3280  6201  3488
5697  2199  572
2375  834  5976
1303  3566  6359
5190  785  5183
2840  2168  2169
2504  470  3804
5438  5059  3242
5332  3120  5064
549  611  4786
2785  2896  2660
3767  122  2142
1419  3638  1370
5001  3185  3927
5516  5266  5227
46  5893  963
4666  3319  2974
968  1877  1936
2374  2926  3250
5897  5898  4883
5285  2433  2432
607  5553  5859
3843  4274  4946
158  25  4200
5232  770  4423
638  6100  3595
6114  3595  6100
4693  2342  3833
3648  1498  4040
2356  6013  104
482  5800  2378
4733  4729  3169
1152  2342  4693
5328  3169  1585
3325  593  4070
4892  6388  3580
1222  4141  5508
2320  4832  5709
6118  4039  5403
5592  2796  4799
839  5294  3832
1643  3966  5253
1588  1501  4632
148  3831  3098
5449  5709  4832
4666  2899  1392
4666  2974  2899
4154  4579  1032
3841  258  2560
2438  2560  258
2043  1609  5282
5235  5687  2045
667  5855  2052
667  2052  666
1186  2730  4330
31  3880  260
3880  6276  260
5832  3458  4797
1019  1601  1602
2795  1800  5819
479  3350  472
5919  4807  1756
957  5657  5442
4984  4356  4355
2504  911  470
2376  1877  3088
31  260  2580
1294  4542  5213
4113  1921  2907
4277  4333  3549
111  1151  1118
2884  5259  3128
3739  2792  771
3350  365  362
6041  119  1017
3009  832  1568
5449  3598  5709
825  3458  5846
6270  5537  288
4481  288  5537
6353  3243  5918
89  1595  3053
5823  3931  322
5413  1522  4198
5892  1275  5211
1275  5974  5211
5892  5211  3161
6430  4972  4320
6040  4182  4119
3011  4658  1091
4580  3889  576
1018  1016  4216
1151  110  1118
2504  3804  1637
2312  6357  1048
1045  3599  4628
3482  3483  2067
4940  4454  4939
2654  3010  2673
4335  4329  6196
3835  3163  840
1847  6250  6062
2012  6262  5809
6275  1419  1370
4217  4158  5386
1720  1662  5158
119  6041  2902
4110  3598  3825
1410  6127  2541
1114  685  1340
3598  4110  1317
2462  678  2663
5441  1411  4478
1656  478  2072
5660  5935  2559
963  2974  2145
4422  597  3163
1655  2227  432
4239  3648  3143
2118  2834  1235
2972  2172  2971
1657  1596  4360
1235  6345  2118
3583  1188  3686
1505  6101  4948
4080  4948  5428
2742  386  3044
5819  4605  2795
4421  4881  2908
5103  4937  1960
1887  1960  5342
5651  1751  1513
3131  3184  4796
5656  470  911
5692  1828  3849
2745  5938  5389
3849  5085  5692
2745  5389  2648
4623  4388  4668
1508  1295  4386
850  107  3108
6366  2745  2648
4477  4187  5472
5879  285  6100
1866  33  270
4570  608  5170
3339  581  577
3202  6338  1305
1879  3163  3835
140  5079  1263
3177  1890  2427
3121  1890  3177
2268  2275  360
4278  1298  5820
3391  115  1930
364  5382  495
3324  4934  4936
1265  1002  1230
1822  4193  1675
5586  977  4444
754  3330  4715
6275  6122  1419
2540  5932  5911
4804  2232  5911
2510  196  1503
37  3586  5723
1069  2049  1527
2049  2875  1527
5297  5369  4105
6404  5002  2291
4201  6009  5344
2923  340  2116
6090  5531  5257
140  4280  5079
4476  255  285
6206  3924  6239
4258  4731  1826
6031  1677  4731
575  2193  5087
3329  2280  1361
5087  1797  3827
4050  71  3790
575  5087  3827
1094  4073  1226
380  373  3215
3422  728  241
4725  690  4719
1774  5325  3891
2085  4538  2373
3563  6037  6274
2839  664  3495
5308  3173  909
5917  1640  1868
3667  3942  2205
5087  4460  1797
594  4797  4467
4537  3599  1045
5846  3458  2889
4107  5212  3751
6202  4460  5087
4455  3922  3911
6012  2050  4787
6368  1513  1206
6012  6287  2050
5229  1413  428
1859  280  3758
3013  2958  1136
3305  5229  428
6318  5611  3588
2288  3007  3341
1290  487  2871
2824  4084  3244
4471  585  2096
2893  3562  996
2405  6364  3980
2357  254  1670
892  2579  5000
3861  5249  5882
500  2740  6102
254  2357  5411
6238  2550  5082
3841  4275  3770
3869  3196  5261
186  1203  1183
124  5448  5944
4784  3762  5574
4804  5911  2003
285  255  3454
2826  4052  4410
5831  2510  1503
5341  5831  1503
5551  1121  3608
3240  2161  3932
3435  3932  320
3561  253  75
3454  255  5938
1072  4244  4315
4315  4244  4243
2755  2756  6122
1356  2206  1359
2733  1637  3804
1565  2925  4684
2409  2404  2407
5654  2503  2519
3410  1333  3093
3042  4642  1293
1183  6306  5597
247  2515  2163
3106  207  4088
3835  3160  5854
3452  2089  779
1186  835  3168
3751  5212  3964
1195  5597  6306
1210  3068  1904
3982  522  6197
4624  6057  3100
2284  5332  3865
5439  3068  1210
3126  1876  1959
2246  96  2122
1670  254  2537
5975  3182  1310
2878  3166  3094
61  3094  5806
5348  2104  6036
4792  4634  4523
6368  1415  1513
4166  4736  6025
3933  4114  5585
4791  4684  2925
3596  57  4684
3089  50  2035
4811  50  3089
283  6037  144
5662  981  4312
2282  5655  45
2748  5876  5575
2404  2409  2406
3091  6344  6351
6351  5452  3091
5296  3686  1633
4929  4118  3418
2047  970  3049
1418  6346  2235
2056  1680  2053
5946  6203  4631
3609  5231  4028
4053  5938  255
5336  4981  1124
4657  4243  4244
5877  4446  5799
2041  5364  1523
4039  4238  341
1345  3622  4967
2535  195  3354
2111  3141  40
1717  5515  5553
622  3674  3671
1774  2034  5325
5181  4622  2627
2881  2845  2672
5307  6252  3151
2537  6037  3563
1412  6347  5726
4922  2965  4406
1002  4600  1230
6274  6037  283
2670  6309  604
1793  1477  2751
6113  6274  491
1745  2642  2756
4455  4975  510
3886  6222  6060
2533  4533  1193
4443  1152  5685
711  3787  2649
3347  3351  4215
2357  4787  1751
1484  4607  1046
1582  6011  5590
6103  4080  870
4078  5891  1083
5803  2016  2319
4336  5948  512
4107  3280  5212
5886  3010  2759
5165  2628  2046
2790  3258  5268
4943  5174  2442
3910  2078  3909
2649  4489  1242
6102  5650  5583
4946  6204  48
1594  1351  277
6152  3240  189
6337  4663  1693
4735  3644  4995
3349  2662  6410
4045  4886  4044
4579  3838  1032
3143  4040  5366
53  3929  6387
4565  2102  3142
3423  1997  2294
3765  2294  1997
5320  1416  3096
1230  4534  1265
322  5010  3238
5417  240  5490
1216  2871  5657
5165  256  5804
592  2625  909
1036  3027  1039
1295  639  4386
2695  4721  4720
2590  4721  5760
4948  3606  1505
5251  4948  6101
5768  5760  4721
5947  5854  5811
5853  4155  1019
3267  2930  5970
2962  4031  5573
2829  5861  2621
3330  5537  4715
1842  426  422
3158  6415  4969
485  1582  965
520  4458  4453
2200  608  782
1564  2310  5534
1564  5534  1414
3339  6095  2465
5170  608  2200
3601  4430  4933
966  1454  3141
2175  244  2178
4456  510  3036
34  1274  2458
3141  1304  2087
3639  5588  1673
3183  3639  1673
5734  494  382
1098  5766  5006
72  48  1332
5576  4331  5275
2269  4331  1890
3012  5951  1201
6063  5951  5006
3726  4037  6249
3744  1201  5951
2110  2413  2361
4665  3935  736
605  3891  3835
1803  5580  155
1879  3835  3891
5252  4188  4631
5225  527  1674
2963  4239  1355
4668  3040  3043
1570  645  637
809  540  4710
4639  1288  1291
3050  1573  1843
3934  4245  683
90  2894  2484
5615  2292  190
829  43  5980
43  5615  5980
3185  6350  2142
4137  774  1807
261  801  6299
801  4685  6299
2000  3123  2511
1575  5590  1580
1575  1580  4930
2224  2022  5178
1235  5975  1310
520  2751  4458
3923  910  3939
5610  3034  1346
4743  5804  256
4711  1639  748
5683  3691  3861
696  4926  2198
696  2198  2077
6303  2514  3555
1823  1190  245
2534  6225  4326
2087  2359  40
3848  1636  3170
2663  1854  4714
5067  1258  307
3146  2437  4890
4944  2297  3890
187  2441  2717
2092  2922  3642
5209  2305  5208
4763  1371  3723
1800  2795  1042
2094  1611  4394
2717  4320  1649
4336  2293  2716
286  1680  4163
2659  5307  4190
3259  4119  488
3859  2294  4222
824  1523  5364
3409  93  1372
1587  4841  5492
5309  2922  2092
3665  66  1329
4442  5614  5309
4442  2233  5614
5309  4739  2922
5614  5688  5309
5309  2092  4442
4044  3786  4521
1917  6269  1013
4120  2115  3100
4748  6077  1286
5161  1522  3050
4748  234  6077
1916  3050  1522
6077  234  1204
1286  6077  1289
2434  3179  2426
5661  639  2874
5661  2874  3066
2874  1599  3066
1613  2435  1614
2435  3914  1614
4222  4953  5410
2348  5410  4953
1266  1531  3562
1266  1482  1531
2354  1852  299
4528  2354  299
4046  714  2825
1731  3922  1485
1485  3922  1369
1090  4837  2877
4963  4962  4324
1090  4917  4837
3393  4474  5077
1480  5077  4474
2936  5338  3149
3245  4541  4744
788  1953  3424
3685  3390  1004
6360  5933  3851
6305  6360  3584
5888  5821  1001
3670  2279  5478
4659  1865  1885
942  2539  1405
1013  1405  2539
4520  1013  2539
1514  2048  5339
1514  5339  2836
5339  2048  6243
6243  2048  3749
2555  4157  6214
6214  6221  2555
2555  4147  4157
2555  6221  4147
4390  6300  3508
5323  3508  6300
5108  735  5067
5805  5067  735
3311  2090  3784
4017  5973  430
5822  5880  5881
3067  6380  2665
322  3931  5010
6244  3805  6102
4835  5722  2669
6250  4041  1528
1528  4041  1520
2640  3842  5581
437  22  4098
5417  437  4098
2403  1146  1153
2403  1153  2406
337  6310  2009
3564  6091  337
6091  3252  1264
2882  4472  2532
6307  569  4493
6307  4493  6317
370  4333  4277
4277  3310  370
4319  1598  1595
5477  5439  5476
1290  420  237
4050  3559  3979
3559  2561  4764
2561  3559  4050
1721  4407  1867
3742  257  3739
3789  3002  3316
90  4443  5685
5685  1152  4693
90  5685  2894
4747  2283  4351
852  851  3593
3147  615  3928
4456  3397  5154
3036  3397  4456
4981  4687  1124
4981  4686  4687
6035  2901  4115
1016  6035  4115
740  4215  1404
740  3347  4215
3578  2940  2941
5209  5208  1081
2941  6123  3578
899  5673  4014
2455  893  480
2879  480  893
3740  657  5264
3740  5264  777
4117  734  3264
2088  344  4047
5936  2088  4047
1148  2231  2887
2887  784  1012
1148  2887  1012
2959  6261  3132
3564  5616  6261
6313  3132  6261
5550  5558  5552
3048  1844  3306
5418  239  1287
5418  240  239
2021  2315  115
5801  2315  2021
4601  2889  5832
3006  3438  5918
3006  5918  3652
5918  3438  6353
158  2046  6355
5785  5784  887
1481  118  1915
3155  1862  4777
1862  3154  4780
3155  3154  1862
5467  752  854
5467  3959  752
1302  854  752
4195  5889  4599
4195  4599  1261
3846  4998  2563
3846  93  4998
3395  969  1729
848  1376  1610
769  6063  4271
6063  5860  3453
4419  4139  1205
4419  1205  4423
113  3623  5177
2661  1610  1376
4136  5946  149
6306  1198  1195
3764  484  2212
2212  3791  3764
1567  3247  4859
4659  1885  2363
4859  4862  1567
5322  2939  4746
5274  5322  4746
372  5470  3507
372  5718  5470
4447  1907  3978
891  3934  3978
6182  6176  127
5614  2080  5688
2364  5688  1309
2080  1309  5688
3314  4885  492
3124  361  3489
3124  367  361
2663  1403  2462
2462  1403  5605
829  5980  4102
728  1955  6009
728  5102  1955
1196  5980  5615
3963  5723  5287
1571  5723  3963
1406  4839  4594
5724  4594  6269
4594  4839  6269
5980  1196  4102
255  6206  4053
4053  6206  6239
2171  2804  5972
305  731  1085
3765  305  1085
1617  2165  5189
811  2165  1343
811  5189  2165
2532  4472  3871
4714  1854  2064
2344  2341  2064
3412  3413  1499
3413  1500  1499
3427  4299  383
5942  5988  2557
3649  1166  6035
3180  1166  3649
1750  5156  201
97  345  2565
97  2978  345
97  2560  5321
3864  5081  3391
3509  2130  2872
1857  317  4093
1857  4093  5982
6245  1662  6079
6079  1662  3589
6426  6079  1114
1114  6079  3589
3509  1762  2130
236  5730  4790
236  4790  3310
2467  4454  6242
2467  6242  4945
2986  5291  1234
2092  4491  4442
3642  4491  2092
2126  1187  2986
1887  4337  2147
1887  5345  4337
1887  5342  5345
1654  5912  1664
5916  1664  5912
104  4918  523
1756  4807  1402
1756  1402  3244
6101  4425  4384
6101  4384  2699
2699  5251  6101
6101  2858  4425
523  4918  937
3692  845  6260
4146  2840  1659
2840  4990  1659
4543  3931  3004
3931  5823  3004
5555  5768  1512
3585  5768  5555
3827  3826  575
5963  2800  4632
2072  3107  1656
1613  5835  3749
3749  5835  3752
6159  3897  868
868  3897  1752
6159  2675  3897
3897  2675  5286
2083  2081  1009
1656  3107  481
202  4608  4883
4883  4608  5897
4883  2901  202
5968  2908  4881
4840  5327  3629
4280  113  3405
4881  4627  5968
357  2205  1070
357  1070  3668
3565  4051  2679
2679  5935  3565
3565  5935  6363
259  4051  3565
733  4324  86
4324  3427  86
4159  1789  3592
4144  4311  2644
3322  2644  3254
4311  3254  2644
3706  5000  2742
3706  5818  5000
511  3206  3207
511  2878  3206
6266  3828  2002
3626  610  3003
6405  2079  3634
2124  738  2743
738  2124  665
3050  1843  3049
1843  2047  3049
474  2272  5450
5105  730  4970
5606  730  5105
5715  5105  6304
2444  5508  4141
1572  1860  4687
1124  1860  1861
1500  871  1506
1885  4067  5466
2109  4067  1885
2039  5466  4067
3094  3208  2878
5362  2773  5042
5385  5362  5042
420  4645  425
1290  4645  420
3206  2878  3208
4687  1860  1124
6159  868  5581
5388  3125  2133
5783  5786  5684
2274  3514  2271
2582  4935  2176
2224  2014  2022
2429  2430  2440
2430  3862  2440
3862  599  2440
1572  5464  2112
1572  2112  2921
5079  4280  3405
5382  1330  495
680  902  1044
902  3424  1044
4170  6389  3652
688  695  4027
688  4027  4026
4644  1848  235
421  4644  235
5343  2588  776
2178  5343  776
5249  1870  3341
5249  3691  1870
5964  205  2520
6176  6178  4069
204  3895  5384
3895  204  4757
2520  5384  3895
2274  2271  3489
2564  6361  3851
6360  3851  6361
4070  4162  4161
5578  3137  6336
3986  4148  4950
4249  4257  915
915  3829  4249
3689  4249  3829
4631  1221  6301
4775  3064  231
4775  123  3064
849  2661  1376
849  1299  2661
2661  1299  5435
3173  1589  909
2624  592  1589
1589  592  909
743  4086  812
4452  3769  4749
5033  687  5036
3325  4070  1649
593  4162  4070
2275  5159  360
2275  2273  2274
3006  3652  6389
2113  4749  3769
743  4220  4086
1225  4094  2267
5653  2274  2273
2827  4409  3174
4359  4409  2827
1665  4105  4479
4105  5369  4479
1413  662  428
1407  3327  976
1407  770  3327
5232  976  3327
3092  109  1792
3092  1792  5445
579  3668  2822
2698  1853  1100
5794  615  2749
2132  1302  3832
5293  2132  3832
1146  2403  1365
4659  67  5337
4802  6124  5920
2361  2084  1010
2361  1563  2084
6428  1010  2084
2097  6180  803
154  3431  602
602  3431  3238
3050  1916  1573
5673  486  2071
32  2071  486
67  5350  5337
1185  4352  744
1882  4411  3752
1882  356  4411
2019  1722  5151
110  516  3457
263  4165  264
5469  5887  5818
4357  1031  1604
1604  5887  5469
2209  3105  4250
2209  4250  304
4254  2209  4255
2209  304  4255
1785  4917  1567
5453  6017  3045
1655  432  2010
3047  742  232
1006  1005  67
3807  1342  5798
3807  2503  1342
2506  1342  2503
3099  2086  1311
3099  1311  1694
3045  4984  3046
5946  6301  4135
4631  6301  5946
6207  2556  85
2556  6207  6198
2839  6207  914
3412  1499  4882
4603  4012  5292
4220  5292  4012
6199  4165  263
5946  4135  149
5281  5986  2097
4984  3045  6017
3603  4874  379
4874  3603  2290
4020  694  1260
457  1084  1260
457  1260  694
6237  2964  5473
4085  2127  98
6107  5153  2668
1643  2112  5464
6181  1088  4876
2361  1314  2110
2110  1314  1315
5760  2924  5764
2924  5761  5759
1039  1000  4602
4602  828  1039
1039  4380  1000
3027  4380  1039
2432  2234  6341
5285  2432  6341
6292  4754  3001
4353  5664  21
21  5664  1510
2281  4387  5664
4747  24  375
375  24  4712
375  2283  4747
5008  6161  316
2125  4758  3836
56  2583  59
3452  779  2431
4763  1040  1371
4763  1037  1040
1678  3607  5174
198  3607  2906
5174  3607  198
6424  1747  201
6424  201  200
3434  3103  3433
3103  3434  193
4275  713  3764
250  5495  4339
4269  1238  1914
2327  250  4339
5654  3483  471
5654  471  2506
6382  6384  5694
975  3212  4170
939  659  2955
2998  2999  3852
939  2955  657
2040  2830  1497
6059  1497  1959
1959  1497  2830
6040  3136  4182
3136  4667  4182
4452  4749  4750
5290  833  1234
5290  1234  5291
4460  1515  2015
2018  2015  1515
5613  4890  2626
3146  4890  5613
3690  3942  3666
3666  3942  3667
3690  2162  3942
998  6030  993
833  5294  4891
2175  2581  2582
4530  4660  6127
4530  6127  1410
1312  6210  3844
1312  1863  6210
3770  4275  3764
4707  1851  3550
3550  666  4707
5226  4707  2052
4714  2064  4529
4529  1403  4714
3960  3936  6061
3960  6061  3154
4659  2363  4420
1200  1368  2774
2774  2533  1193
1200  2774  1193
4169  1095  373
53  3215  373
5799  5795  6106
843  2445  4690
3146  4690  2445
427  1309  2080
4256  600  4253
4249  600  4256
3641  600  4249
3641  4249  3689
378  695  693
4253  378  693
2931  2095  3961
3986  5341  4148
4148  5341  4323
901  2353  4841
3688  1086  663
2138  4037  4620
4620  1907  2138
1020  2898  197
5885  1020  197
4762  5571  2429
2542  5571  4762
6018  5579  934
596  4324  733
4963  596  4949
4949  596  5346
4119  4836  6040
1086  3688  1568
3259  4836  4119
1808  4119  4182
3429  2562  2843
3429  5758  2562
1033  5758  3429
3131  6308  2957
3077  2095  2931
3346  5586  2499
2664  1824  5695
1661  2664  943
5695  943  2664
4202  6320  2933
2933  6320  3484
2933  3484  4834
3842  1929  3134
5288  824  1905
712  4051  259
84  6296  3072
4074  5978  6362
5619  5978  2558
5619  6362  5978
1438  5978  4074
1438  2558  5978
477  5655  2282
477  472  5655
4014  5347  2174
4014  2174  3008
282  5363  1914
4269  1914  1912
6059  1876  2831
5489  2831  1876
3923  908  910
908  913  910
438  4477  4483
5368  3928  6039
4477  5472  4483
2004  6014  199
4943  6014  2004
3344  199  6014
906  6014  4880
4880  6014  4943
2137  5295  2119
2137  2119  1755
2119  5295  4656
4950  2172  3986
4097  5368  6039
4155  1031  4357
1187  1238  2986
3178  3181  3135
3135  3181  3138
2519  2503  4782
1015  2902  2905
3807  4782  2503
5582  4782  3807
6027  751  103
3203  3051  2049
2131  2161  6152
459  5425  454
106  2144  5493
6304  2144  106
5293  3832  5294
4792  6298  4634
5291  1238  4269
4803  1713  1192
5041  2208  5603
5668  2208  1913
1913  2208  5041
2932  3133  6161
2932  5280  3133
282  1914  1238
2986  1238  5291
5361  5913  2203
5361  2203  3122
5482  1518  3957
579  5169  3750
6222  5169  1631
1631  5169  579
2078  3690  3909
2362  2402  4930
6416  2733  3808
3177  2427  3179
3179  2427  2426
4856  2594  4855
3035  4081  5437
4392  4160  1306
3944  1753  6021
5260  4484  4187
5472  4187  4484
318  3631  4980
3631  6411  4980
1672  4980  6411
2460  5367  387
5780  4326  5781
2647  550  3839
550  5785  887
2647  5785  550
1791  5182  4926
1791  4926  696
1906  2835  5295
4656  5295  2835
3850  980  5942
3862  2430  1934
1856  1934  3252
3862  1934  1856
2430  4445  1934
1934  4445  1264
4385  6381  3209
1374  812  751
50  3496  152
437  2045  747
2045  23  747
5038  5039  3511
3511  342  5038
4246  5409  3511
4246  3511  5039
4020  4488  694
4020  2317  5034
837  2317  4020
4020  5034  4488
2469  1798  5176
801  2408  3962
801  3962  4685
6024  2408  801
5833  5780  5782
2410  5833  5782
5328  2622  1589
5328  2620  2622
1831  875  5807
324  1647  316
1647  5008  316
979  5204  6352
3502  979  436
5204  979  3502
6021  1753  1754
3419  4522  46
4717  5556  1512
5915  1512  5556
5555  1512  5915
1505  3606  5306
2427  1890  3840
6077  1204  1289
3639  3210  3211
5365  3210  3639
3198  2542  4762
2232  1404  3343
5716  4953  4222
3880  826  6276
5803  2877  4837
3350  5655  472
2048  1613  3749
1996  1613  2048
2231  3790  874
4390  3508  6358
2090  3646  3784
1260  1084  3646
3784  3646  1084
1260  3646  3028
1404  4215  3343
2619  5765  1651
2023  1651  5765
6250  1528  1524
22  437  747
6310  1264  4445
1934  1264  3252
1264  6310  337
4737  2460  387
6017  1001  4356
6017  5888  1001
4319  1595  89
4737  387  4035
5937  3561  75
3561  4521  716
5937  4521  3561
3316  438  3789
2543  3393  4924
3393  2543  3481
3850  251  980
3635  95  3007
2539  942  3766
2224  1867  2014
4407  2014  1867
126  3452  6314
3452  2228  6314
2431  2228  3452
4048  4047  344
3958  850  5401
2959  3132  2142
1485  1369  1732
239  1510  1287
2046  158  4200
4200  4473  2046
658  4024  6208
2469  3515  1798
3515  5445  1798
2191  3515  2469
3155  4777  5816
5889  4604  4599
4998  2648  2563
4983  5381  1223
6063  3453  4271
6204  3453  5860
6204  4274  3453
4271  3453  4274
917  2286  6306
6306  2286  1198
4527  3507  5470
127  6176  2211
2211  6176  4069
1755  3125  2137
2137  3125  5388
4122  3125  1755
3814  1730  1727
5189  3918  1617
5798  1342  5877
3108  5401  850
3481  117  3392
3392  4474  3481
5157  1606  388
5157  388  4835
3591  388  2351
388  1606  2351
21  1510  239
259  1646  5988
5988  1646  2557
6362  2557  1646
3439  3156  54
435  4242  2882
2978  97  5321
3308  1848  429
5417  4024  5235
4877  4116  4216
5235  4024  3552
1995  6339  3202
6043  4216  4116
4024  658  3552
4692  3175  846
5108  3420  5101
243  5101  1092
1092  5101  94
5101  5717  94
3742  3741  257
3741  3556  257
3208  3094  60
837  1831  434
4015  5727  788
788  5727  1953
3336  4519  4602
3814  4519  3336
4519  828  4602
4519  3814  828
1885  5466  2363
2540  4801  5932
4801  2540  3766
4287  5970  4082
6181  5100  399
189  1801  323
323  6152  189
4833  5264  157
2531  32  2536
3894  2347  2309
2347  4808  2309
2693  4160  4392
4161  4160  2693
1842  5414  4108
2875  5414  1842
358  4779  3487
6250  1524  6062
1070  2822  3668
3241  317  1857
5588  941  1300
5588  3213  941
6293  5800  5825
4115  2901  4883
2823  3738  3340
2823  774  3738
1113  4713  114
1483  1113  114
3768  4713  1113
587  3709  3487
2205  357  3672
610  5931  3003
6385  3003  5931
1875  55  3711
2583  55  1875
3814  3336  1730
2629  3203  2505
5331  192  3437
3396  3397  5463
1041  4598  4606
3036  5463  3397
257  3556  3557
3156  62  54
555  151  1744
5348  5105  4970
4325  4970  730
888  1608  5788
4893  3836  1375
3706  2742  3044
4543  3004  3067
6386  1644  1079
2055  4185  3312
4543  3067  2665
3645  995  4272
5485  1375  3836
5385  3938  5362
1660  2207  3938
5362  3938  2207
1660  3938  5385
3399  839  847
4036  5401  3108
2929  2428  3928
2428  6039  3928
2020  5851  2689
2020  2689  6218
5851  4947  2689
3937  5328  1589
3139  4935  4096
3451  4935  5665
3139  5665  4935
4096  4935  2582
4748  1286  830
6361  2565  345
4472  680  3871
680  1044  3871
688  693  695
5830  1952  5494
2469  5176  2320
4350  5494  1952
3839  888  5788
5059  5012  4138
4112  4884  597
1709  622  3355
3565  6363  6362
5825  3912  914
4775  231  2821
434  3785  453
2019  5151  5255
5282  4113  2907
5730  4775  2821
5787  5684  5786
1403  2663  4714
3495  5188  1516
3495  664  5188
5066  5880  2278
156  3240  3435
6085  116  5440
3240  3932  3435
3560  4195  1261
4034  1610  2661
5588  3639  3211
4114  3933  2973
4860  3560  1261
1199  5440  116
733  1958  596
6296  1958  3072
3072  1958  733
3925  4789  5815
5815  4789  3436
3159  2957  6308
2500  6085  5440
6298  2173  4634
3770  3764  3791
5847  4607  6030
6030  4607  993
4413  2826  1350
4413  4052  2826
1408  1665  2956
2956  1665  4479
640  2562  5939
1413  2796  662
5936  1516  2088
320  3932  3626
337  2009  5616
6261  5616  6313
2009  6313  5616
4516  5380  116
4202  2933  5656
6085  4516  116
4516  6085  2311
4161  1649  4070
1911  6018  3130
3130  6018  934
2348  6240  6056
2348  6056  5410
4415  1516  5936
1961  3314  492
451  456  2826
5297  4238  5369
1290  237  26
5368  2906  1678
5368  4097  2906
300  2346  2148
1853  2346  300
342  6123  5471
5471  5038  342
5602  477  2282
6212  3432  3243
5042  2773  5468
2773  1910  5468
5920  2008  4802
5813  2008  5920
6296  84  3428
1997  305  3765
5327  4840  3241
2937  4598  1041
6294  2093  5434
2178  776  2229
5320  2226  1416
1863  1312  5320
2226  5320  1312
3746  384  3737
384  3746  6208
744  4351  2283
2286  3428  84
6116  1262  3150
6388  1807  2823
3707  3150  1262
1360  4189  5919
2010  4189  5033
2010  432  4189
5919  4189  432
687  5033  4189
511  3207  6153
964  511  2079
2983  511  964
1918  5172  5171
1918  5171  5446
1274  1918  5446
2046  2628  6355
4751  6355  2628
205  5384  2520
1792  1798  5445
6158  3925  319
3789  438  1223
2355  1082  5104
319  3925  5815
5104  1082  476
3047  3046  992
4984  992  3046
114  4713  4928
3005  81  994
3005  1667  81
3768  4928  4713
912  6065  3857
5288  1523  824
2964  4667  5473
5160  2425  3180
3180  1018  5160
3649  1018  3180
3690  3666  5598
3411  1909  1077
120  3829  915
6340  2433  5285
827  107  3692
107  3710  3692
3710  845  3692
5587  3416  46
6214  5383  5974
6214  4157  5383
4046  2825  251
969  3395  571
5668  1913  4744
3845  3562  3366
1293  5232  3042
3175  6260  845
5230  2444  602
3685  1004  4688
3685  4688  962
1040  5187  1371
3812  5602  2282
3347  1196  5615
740  1196  3347
3670  3674  5810
3826  2000  575
4389  851  3957
3593  851  4389
6108  5263  5824
2205  3672  3667
3694  5263  6108
5263  3365  5824
6320  3346  3484
3809  1078  6241
2276  474  2879
3426  2276  2879
474  480  2879
3665  5478  2279
5793  6108  5792
1761  1753  4955
1761  4955  2888
4409  1600  3174
1299  849  3962
1299  3962  2408
3768  2788  4928
91  4990  890
2789  2626  4890
2789  4890  5666
434  1831  3785
1831  717  3785
4685  1708  6299
739  2135  2754
6061  4780  3154
1346  1399  3105
430  4293  5349
6269  4839  1405
2083  1009  4691
1316  2083  4691
1316  5338  2083
5281  2097  803
604  642  5796
4334  2347  5611
6318  4334  5611
4334  2342  2347
5477  3068  5439
604  5796  2670
3454  5938  2745
5673  3421  5347
5973  4085  98
5973  98  4293
5190  1033  1612
1033  3429  1612
6428  2016  1010
6428  2319  2016
1258  5805  96
5982  4093  3633
5876  3430  5575
4324  4962  3427
6018  935  5579
5152  1682  5650
1530  5650  1682
6421  367  3124
4246  5039  1905
824  4246  1905
935  6018  3180
259  5207  712
709  712  5207
3750  5762  3913
2558  1438  2502
5619  2557  6362
2954  5834  6124
3631  3630  6411
2997  6411  3630
5787  888  5684
5787  1608  888
4567  697  692
4567  1117  4254
1589  2622  2624
5576  3840  1890
5576  1890  4331
1350  452  4886
4886  452  455
4045  1350  4886
754  4164  2731
4855  2594  4451
4737  2130  2460
4737  2872  2130
5557  2362  1580
1580  2362  4930
4325  2585  2177
1092  92  1236
645  454  5425
3388  5080  2105
1097  526  2105
119  2902  1015
3912  2839  914
1354  1315  2936
2876  5081  3864
2876  5757  5081
4860  5757  2876
3560  4860  2876
3182  5828  6332
853  2039  4067
853  4067  4991
4991  4067  2109
5730  123  4775
123  29  3064
5008  3653  6161
2932  6161  3653
5360  1520  4041
5734  5360  4041
4450  2468  2128
2468  4450  5890
6028  2468  4071
4416  1209  6155
6155  1209  6401
1095  3929  53
1409  2904  1532
1409  1532  1080
2295  1569  2464
2464  1569  5971
2464  5971  4949
5578  6336  6107
6120  4523  871
1506  4523  4634
2874  3048  1599
1854  4412  2344
4661  4412  1854
1154  3855  1409
3923  909  2625
804  1478  2651
1864  1694  3844
6210  1864  3844
5171  104  5446
4918  104  473
5171  473  104
3855  1154  2541
811  1343  4152
52  4152  1343
2586  2587  6036
5550  5556  4717
5550  5552  5556
4492  5034  2317
2953  1663  1352
1049  481  3107
3760  1192  1713
4103  2922  570
1598  1032  1145
1016  3649  6035
2203  5360  3122
1399  916  3105
642  3184  2957
2957  3184  3131
4224  3428  2286
2268  360  363
2268  363  359
3945  2074  6317
3945  6317  6016
2593  27  4195
471  5769  2506
1149  2936  1315
5653  3514  2274
2275  2274  5159
3489  5159  2274
1726  3394  1931
1726  1931  4150
4250  3105  916
1049  3870  481
4530  4533  4660
4660  4533  2533
1411  4660  2533
151  3089  2035
5877  6106  5798
5798  6106  6237
2377  5456  4728
5206  4728  1827
2377  4728  800
3945  1827  4728
2442  3669  3268
3913  4945  6242
2658  4887  2883
4887  1762  2883
3267  3262  2930
2938  2930  3262
3440  3242  5059
546  3260  3265
1480  4474  5076
3392  5076  4474
2161  610  3932
2161  6381  610
2131  6381  2161
2921  1861  1860
4539  6214  5974
1806  3434  153
1806  193  3434
193  1806  1802
6336  3137  3181
6336  3181  3178
3137  3138  3181
