65.3428  128.459  0
305.5  127.376  0
299.233  145.52  0
51.8623  128.003  0
282.777  130.519  0
281.455  129.622  0
90.4264  128.389  0
77.0329  128.353  0
309.82  128.687  0
279.643  128.221  0
85.7627  108.701  0
292.18  116.409  0
63.4489  129.087  0
234.11  78.0847  0
70.1361  140.291  0
166.525  200.063  0
273.235  181.008  0
73.1542  101.615  0
308.604  125.998  0
69.8604  101.871  0
184.046  174.243  0
176.188  174.056  0
173.871  174.691  0
172.567  174.421  0
161.937  174.664  0
149.958  174.958  0
121.584  173.073  0
112.496  175.032  0
109.141  173.699  0
277.722  173.941  0
216.044  133.673  1
243.398  134.832  1
146.487  154.221  1
157.107  153.445  1
220.6  154.227  1
276.59  154.201  1
280.827  154.534  1
282.939  154.576  1
160.382  154.359  1
198.476  154.645  1
204.599  154.421  1
208.113  153.97  1
60.3072  130.948  1
293.491  126.782  1
89.9498  104.975  1
130.204  118.127  1
178.006  76.341  1
208.974  188.465  1
164.533  94.0249  1
137.909  187.624  1
243.627  108.018  1
256.911  94.8849  1
196.215  199.994  0
122.631  201.891  0
125.643  203.607  0
127.584  203.432  0
108.316  155.627  0
210.547  202.545  0
127.148  202.1  0
146.928  202.579  0
148.566  201.498  0
123.664  202.715  0
203.619  157.273  1
243.305  105.676  1
157.357  187.37  1
273.674  100.966  1
295.472  155.659  1
172.886  95.3334  1
160.483  74.2511  1
240.173  146.582  1
185.471  85.0328  1
210.643  189.687  1
256.932  187.976  0
271.421  91.0838  0
268.791  90.6714  0
266.463  82.3364  0
262.208  177.676  0
144.135  168.324  0
221.378  81.2843  0
257.385  79.3649  0
236.72  170.754  1
102.874  170.119  0
92.8986  96.0466  0
295.641  129.099  0
286.575  90.1352  0
299.679  128.72  0
193.28  91.4725  0
219.342  148.986  1
208.521  171.014  1
62.2234  129.314  0
242.659  92.4503  0
264.368  127.169  0
238.798  91.6716  0
265.969  128.341  0
180.593  127.452  1
274.269  128.62  0
79.3662  90.2473  1
288.787  129.685  0
287.377  108.928  1
107.922  133.63  1
101.814  150.346  1
292.083  125.242  1
287.837  147.114  1
154.91  159.667  1
207.826  150.557  1
83.2399  128.881  1
133.217  147.372  1
131.885  110.857  0
177.989  162.412  0
185.334  162.894  0
190.061  162.99  0
93.9404  152.835  0
90.7727  160.723  0
112.379  163.017  0
127.56  161.529  0
149.172  162.098  0
286.805  160.613  0
82.2948  163.314  0
94.5268  116.712  1
146.828  62.1414  1
152.762  115.552  1
282.427  116.138  1
107.742  174.377  1
208.498  126.203  1
267.473  117.426  1
268.463  116.336  1
202.726  204.675  1
246.784  99.4767  1
198.787  183.412  0
84.0495  145.677  0
87.3935  146.051  0
94.421  146.661  0
117.209  145.318  0
278.985  145.439  0
281.127  145.574  0
74.0221  146.224  0
301.872  148.52  0
71.214  146.461  0
280.857  118.06  1
88.7424  164.413  1
167.819  120.141  1
135.242  119.45  1
175.559  119.341  1
171.549  119.344  1
150.464  104.784  1
181.639  119.497  1
210.649  192.13  1
185.258  119.575  1
233.437  187.555  0
237.805  187.676  0
135.378  188.188  0
137.904  188.873  0
139.375  189.212  0
228.745  188.298  0
240.608  188.208  0
123.597  189.71  0
133.357  189.07  0
160.819  174.089  0
57.6956  118.35  0
93.546  120.228  0
257.099  179.927  0
151.163  202.461  0
193.025  172.477  0
179.437  204.872  0
75.4876  83.1707  0
134.567  195.958  0
273.996  175.633  0
301.637  106.314  0
52.9881  107.383  0
57.7189  107.642  0
59.4395  107.56  0
63.7488  108.007  0
156.037  194.321  0
124.074  151.431  0
122.419  106.862  0
126.932  156.859  0
260.456  182.051  0
202.082  186.918  0
54.6631  130.598  0
82.4726  107.87  0
125.324  205.659  0
112.55  187.515  0
269.262  83.2882  0
96.9651  123.38  0
98.4541  184.574  0
292.564  134.663  1
190.963  155.836  1
142.359  190.473  1
126.463  190.336  1
61.5872  132.568  1
245.512  109.645  1
247.177  188.682  1
141.499  189.266  1
176.254  154.626  1
197.273  116.88  1
285.991  119.855  0
270.934  118.372  0
62.3156  120.158  0
57.4972  120.495  0
111.406  119.375  0
110.293  119.755  0
118.835  119.647  0
121.05  119.139  0
107.479  119.834  0
104.895  120.043  0
143.997  139.481  1
215.111  117.167  1
248.914  166.506  0
232.901  166.514  0
285.038  135.598  0
201.64  90.57  0
166.166  167.65  0
164.13  167.72  0
286.619  166.239  0
279.889  165.342  0
112.337  168.729  0
114.014  170.404  0
262.041  174.618  0
280.149  177.956  0
52.6052  125.594  0
58.4394  80.4748  0
73.9358  97.5327  0
101.156  122.839  0
94.1631  141.31  0
304.897  124.688  0
293.548  116.615  0
272.893  179.816  0
209.063  89.1973  0
298.112  138.418  0
106.7  146.534  1
109.187  175.871  0
283.727  174.341  0
204.694  174.905  0
195.463  175.741  0
139.021  176.982  0
104.177  175.444  0
148.258  175.677  0
110.425  176.553  0
182.338  175.589  0
179.999  175.698  0
173.463  125.336  1
177.463  125.23  1
268.545  126.179  1
99.5583  127.163  1
101.428  127.436  1
103.483  127.062  1
118.404  126.017  1
255.6  165.367  1
176.003  58.636  1
69.4123  127.333  1
60.6578  87.0001  1
109.98  178.581  1
271.179  88.5844  1
180.637  116.802  1
234.441  87.2222  1
155.143  175.959  1
99.9405  182.786  1
80.4076  88.2428  1
64.7393  87.766  1
214.662  131.403  1
256.567  152.128  1
276.463  152.336  1
203.013  151.918  1
205.932  152.084  1
178.268  152.494  1
286.198  176.089  0
172.414  152.507  1
112.283  150.359  1
280.244  168.904  0
144.792  152.212  1
56.3633  92.6337  0
115.356  164.16  0
73.025  139.47  0
75.8583  103.752  0
161.433  198.888  0
279.321  147.81  0
164.122  58.3183  1
233.776  91.8315  1
172.775  66.0062  1
123.916  134.867  1
160.113  101.659  1
266.439  141.832  1
171.621  116.57  1
234.271  83.4642  1
233.218  87.4068  1
198.165  106.837  1
66.6111  85.3291  0
210.402  158.863  1
68.7195  143.719  0
73.1281  142.576  0
62.3417  81.9043  0
281.411  143.419  0
74.4131  143.353  0
201.425  195.031  0
181.975  211.484  0
89.2232  142.961  0
301.963  143.336  0
72.5968  144.455  0
110.069  130.104  1
119.166  130.09  1
233.064  95.4945  1
172.463  99.3364  1
214.463  104.336  1
187.958  69.068  1
72.7747  130.236  1
85.4596  131.335  1
272.691  130.467  1
193.857  157.13  1
197.84  212.798  0
271.183  116.466  0
100.693  116.607  0
76.1649  87.0472  0
87.263  93.1977  0
101.495  99.3875  0
139.807  166.87  0
206.069  192.905  0
156.386  193.092  0
177.443  191.966  0
252.625  192.299  0
120.311  193.363  0
216.347  192.191  0
227.071  192.454  0
129.275  191.178  0
206.81  190.95  0
116.363  106.58  0
306.238  108.468  0
260.519  135.932  0
143.591  205.447  0
79.4867  109.42  0
84.5104  109.815  0
86.3694  109.914  0
87.7083  109.497  0
90.5934  109.374  0
179.976  169.222  0
103.592  174.541  0
151.857  52.8466  1
287.586  113.743  1
167.722  79.075  1
232.224  157.891  1
144.0  117.878  1
250.279  143.919  1
84.3956  137.501  1
227.934  95.9433  1
273.709  89.5182  1
78.6059  91.0722  1
309.742  103.205  0
54.8982  103.939  0
113.432  105.216  0
115.39  104.184  0
79.1118  105.12  0
110.664  104.303  0
62.5708  126.729  0
109.256  106.062  0
308.944  104.882  0
54.5666  105.26  0
82.3355  101.473  0
63.2454  101.682  0
69.1873  104.234  0
105.672  102.236  0
103.471  102.829  0
101.648  102.323  0
90.2388  102.713  0
104.553  102.124  0
93.328  101.523  0
87.389  101.331  0
226.961  183.947  1
100.236  101.92  1
135.568  197.168  0
139.165  195.499  0
103.935  178.828  1
224.932  159.283  1
259.929  128.482  1
196.399  202.297  1
281.073  120.899  1
171.437  174.141  1
100.397  196.574  0
102.55  197.494  0
152.465  72.012  1
221.957  126.878  1
197.84  201.809  1
76.9551  92.7209  1
151.904  145.782  1
301.996  128.674  1
181.488  181.644  1
224.931  196.588  1
274.977  173.461  1
233.151  143.347  1
289.099  135.443  1
120.756  163.369  0
77.3282  164.455  0
278.495  162.141  0
277.276  163.309  0
159.373  162.447  0
157.606  162.267  0
164.791  164.179  0
102.652  174.609  0
95.6717  163.398  0
92.5631  162.412  0
104.245  153.017  0
70.2833  78.0263  0
78.2477  79.0463  0
188.944  79.0023  0
219.463  78.8367  0
176.134  163.444  0
117.873  162.431  0
248.913  78.0841  0
58.1952  78.6897  0
117.139  112.364  0
61.4552  79.057  0
252.763  161.7  0
293.081  158.614  0
158.228  200.605  0
177.441  173.742  0
270.835  175.656  0
120.511  200.88  0
68.9726  123.18  0
138.229  172.841  0
251.539  162.71  0
99.1639  160.392  0
146.251  176.68  0
141.386  177.779  0
257.908  178.151  0
252.335  177.597  0
250.759  177.99  0
144.115  177.663  0
259.092  178.676  0
84.9273  157.926  0
226.944  179.34  0
135.048  178.619  0
289.521  126.343  1
152.965  82.3345  1
97.1665  139.63  1
144.484  53.0547  1
53.5437  84.1474  1
148.374  142.009  1
157.273  98.5615  1
176.041  175.397  1
238.091  82.5992  1
236.035  82.8839  1
87.6457  148.621  0
306.726  132.548  0
287.119  131.566  0
165.271  205.643  0
295.159  116.24  0
178.285  190.171  0
112.819  185.411  0
110.157  175.389  0
146.581  166.973  0
200.614  211.22  0
226.901  81.8213  0
253.834  81.2388  0
260.283  83.0223  0
52.1151  83.9402  0
221.933  84.4082  0
262.704  83.9162  0
257.466  82.5411  0
57.5508  81.3943  0
76.9434  83.1113  0
225.03  82.7692  0
181.542  185.374  0
116.208  185.039  0
265.397  184.388  0
262.463  184.336  0
255.576  183.747  0
209.564  183.929  0
206.358  184.405  0
178.276  200.119  0
124.004  183.756  0
117.63  182.742  0
298.261  106.331  0
74.6567  105.981  0
87.282  106.624  0
156.01  160.66  0
97.7123  106.259  0
103.689  107.075  0
105.676  106.395  0
88.7184  107.645  0
202.463  133.836  1
86.106  105.478  0
95.9226  106.013  0
206.979  133.978  1
287.194  101.181  1
232.988  115.195  1
77.1537  84.4508  1
152.557  42.28  1
246.463  134.336  1
152.784  180.456  1
80.5094  121.582  1
271.374  104.004  1
57.8516  85.9702  1
172.463  111.836  1
229.26  123.985  1
222.463  96.3364  1
154.264  145.954  1
95.385  100.685  1
101.238  170.114  0
258.989  186.782  0
56.2772  78.9855  0
137.847  170.836  0
144.781  111.787  1
58.3654  106.226  0
257.072  162.107  0
97.3971  181.449  0
63.4561  79.0982  0
55.6289  109.044  0
118.652  107.525  0
83.0488  133.34  1
196.531  170.499  0
105.708  132.333  1
198.878  158.257  1
144.268  197.825  1
206.463  116.836  1
263.755  143.362  1
155.399  60.2147  1
240.592  139.316  1
182.522  161.695  1
177.463  101.836  1
239.83  96.5816  1
190.938  173.302  0
238.839  163.056  1
147.398  183.688  1
181.463  81.8364  1
153.417  161.186  1
151.415  161.63  1
105.349  127.163  1
145.984  161.102  1
282.508  111.741  1
144.387  202.231  0
86.9407  126.889  0
77.5932  151.469  0
96.9074  95.4646  0
296.858  150.794  0
75.4444  151.526  0
76.4086  151.145  0
119.133  150.363  0
125.523  150.367  0
129.651  151.343  0
168.821  164.42  0
186.8  101.847  1
218.497  164.71  1
270.556  125.41  1
178.635  90.9686  1
167.113  64.121  1
272.055  159.476  1
148.462  20.8584  1
83.606  119.968  1
64.9818  122.862  0
55.3047  94.3985  0
169.494  106.823  1
150.695  24.7729  1
87.7875  123.888  0
117.746  141.317  0
98.8181  175.788  0
291.657  135.966  1
135.226  185.887  1
305.014  115.584  1
96.7818  177.895  0
214.819  180.619  0
80.3965  100.4  0
164.54  171.588  0
307.0  100.311  0
54.8058  101.765  0
103.514  101.321  0
65.6491  103.236  0
289.978  119.227  0
296.159  149.017  0
102.571  100.192  0
204.2  184.066  0
153.391  102.747  1
86.0795  152.884  0
207.648  159.378  1
151.643  159.64  1
145.651  159.641  1
133.879  159.263  1
248.5  159.451  1
249.697  105.317  1
234.384  158.919  1
216.962  159.001  1
67.1149  98.2999  0
299.802  97.0645  0
237.074  158.555  1
250.963  112.336  1
130.022  197.665  0
101.784  122.016  0
102.456  135.194  1
105.356  122.289  1
68.7134  107.806  1
224.323  194.805  1
131.044  170.48  0
153.312  198.829  0
145.268  123.057  1
182.584  55.0699  1
179.997  150.513  1
242.585  161.865  1
177.134  84.4817  1
298.039  126.206  1
230.453  117.17  1
196.344  156.366  1
291.799  111.737  1
151.385  68.5142  1
284.327  159.962  1
227.101  188.148  1
162.343  34.7756  1
305.401  113.207  1
223.314  111.673  1
124.508  198.443  1
175.463  95.3364  1
149.029  155.506  1
91.3378  113.528  1
123.236  196.348  1
167.253  106.733  1
209.924  106.481  1
159.265  177.085  1
252.705  125.756  1
64.9147  112.799  1
284.653  176.351  0
272.185  118.993  0
206.062  188.064  0
249.834  163.961  0
176.51  186.049  0
278.173  164.404  0
284.398  102.569  1
94.8365  165.859  0
284.375  164.287  0
113.351  165.185  0
98.1187  166.959  0
62.4772  80.5806  0
73.6832  81.4704  0
263.455  81.4197  0
50.3864  82.156  0
80.8887  80.3478  0
190.441  79.921  0
68.4662  82.1384  0
75.4554  81.3897  0
59.5294  81.562  0
65.4571  81.8426  0
225.745  89.4747  1
231.408  89.0994  1
233.777  175.298  1
220.065  90.595  1
160.145  179.38  1
302.819  113.086  1
163.463  91.3364  1
169.463  91.3364  1
223.566  87.1013  1
215.12  111.529  1
54.6791  92.5325  0
50.001  84.7263  0
94.9654  96.3352  0
178.947  183.807  0
63.0795  121.524  0
179.15  173.354  0
237.175  194.433  0
97.11  142.366  0
122.162  162.13  0
169.274  166.114  0
131.719  185.309  1
177.552  181.669  0
132.986  181.745  0
219.177  182.652  0
216.431  182.073  0
225.591  180.474  0
223.228  181.64  0
281.236  95.4266  0
248.082  181.948  0
112.233  181.645  0
109.77  181.987  0
273.783  119.6  0
100.045  120.156  0
294.225  119.014  0
274.793  118.61  0
50.2084  120.465  0
298.548  119.125  0
64.2796  120.287  0
52.9313  119.992  0
71.0625  121.019  0
67.1747  121.118  0
274.071  134.033  1
83.3937  135.866  1
143.374  135.696  1
78.7361  136.305  1
245.859  155.838  1
108.493  136.411  1
250.582  136.425  1
270.777  135.757  1
290.385  136.413  1
100.188  140.348  1
151.837  77.5105  1
178.962  118.895  1
155.649  42.2925  1
152.584  188.11  1
186.088  75.6181  1
150.658  75.1977  1
56.5268  81.9702  1
153.557  74.7694  1
283.624  158.301  1
186.537  73.8984  1
104.871  158.248  0
74.5953  98.2528  0
245.204  199.936  0
60.8454  108.315  0
100.467  162.564  0
179.461  192.537  0
110.804  118.572  0
302.962  130.252  0
297.909  149.274  0
92.5544  165.532  0
62.099  85.731  0
63.4492  85.8593  0
265.096  160.486  0
250.259  85.7586  0
65.1784  86.0294  0
76.6931  85.9594  0
57.3447  87.0754  0
81.2441  85.6171  0
267.373  85.0548  0
53.7573  86.6564  0
185.377  188.446  0
56.1719  90.2676  0
295.357  142.168  0
209.664  175.564  0
247.922  74.8398  0
126.651  159.419  0
157.498  195.497  0
208.239  91.2686  0
212.44  202.618  0
90.6032  94.3823  0
170.976  126.33  1
85.9471  128.366  0
78.9634  128.333  0
73.632  128.945  0
246.735  162.43  1
298.104  128.058  0
91.0784  119.408  1
272.302  126.413  0
153.234  190.061  1
150.66  45.29  1
247.978  183.974  0
253.666  147.62  0
59.3325  134.608  0
207.116  187.76  0
283.289  173.472  0
285.328  146.649  0
169.079  171.87  0
203.947  114.89  1
81.1693  130.628  0
174.985  174.286  0
189.6  123.321  1
130.216  135.901  1
213.376  128.617  1
287.227  149.091  1
276.652  150.092  1
107.62  187.292  0
210.689  150.972  1
276.976  175.209  0
282.216  148.412  0
284.68  148.86  0
120.483  148.729  0
283.27  149.234  0
80.3363  148.897  0
82.509  149.803  0
295.519  147.029  0
71.0394  147.777  0
282.324  147.326  0
283.603  147.492  0
76.5098  149.193  0
179.776  93.3989  1
196.177  183.394  0
211.312  184.305  0
168.197  181.863  0
101.861  185.573  0
103.838  184.847  0
105.915  183.816  0
186.711  186.316  0
207.608  186.82  0
97.9958  123.974  0
127.974  186.216  0
112.314  107.119  0
265.668  113.367  1
168.463  101.836  1
145.758  114.33  1
150.53  155.466  1
109.341  177.343  1
184.259  76.8037  1
210.121  95.9381  1
264.463  99.3364  1
279.574  132.665  1
141.776  129.034  1
66.6758  141.895  0
309.334  98.829  0
53.338  99.5003  0
102.756  98.5305  0
109.478  100.235  0
78.0359  98.5976  0
80.2696  104.422  0
277.905  129.285  0
76.5162  99.1638  0
53.0208  98.0698  0
71.9607  98.6318  0
158.231  99.2638  1
258.496  151.49  1
269.715  165.46  1
205.641  203.635  1
245.022  162.448  1
223.983  161.839  1
228.517  163.906  1
87.2424  163.389  1
261.794  112.053  1
220.463  162.336  1
276.148  93.4129  0
260.906  93.2689  0
285.801  147.744  0
254.49  199.502  0
118.493  200.804  0
153.345  201.22  0
155.952  200.376  0
186.217  202.324  0
177.038  201.52  0
128.577  200.381  0
139.685  200.216  0
162.797  172.818  0
154.379  200.22  0
133.383  145.618  1
79.1615  142.028  1
238.449  165.864  1
210.864  133.276  1
131.931  146.088  1
254.979  167.503  1
59.3737  130.029  1
190.402  175.641  1
147.963  112.571  1
218.861  184.924  1
270.021  145.188  1
242.965  98.4997  1
215.463  121.336  1
140.217  135.635  1
54.8725  83.9707  1
135.621  124.09  1
271.674  147.607  1
225.172  117.11  1
194.213  129.279  1
118.492  114.537  0
142.978  54.987  1
85.6392  129.739  1
130.19  148.921  0
128.072  149.61  0
270.945  149.306  0
265.972  147.968  0
262.274  149.217  0
134.399  149.119  0
88.7029  149.752  0
87.1643  150.511  0
294.908  150.145  0
276.969  147.395  0
158.957  196.828  0
58.4404  137.06  0
280.637  148.736  0
310.495  119.218  0
217.009  85.6241  0
231.388  201.164  0
165.803  171.591  0
95.9033  124.092  0
303.85  129.34  0
290.809  115.369  0
295.89  134.958  0
176.449  78.4242  1
182.472  78.5952  1
60.9447  112.578  1
156.873  82.0576  1
147.666  116.282  1
158.007  120.382  1
162.612  84.2753  1
166.463  84.3364  1
184.463  82.3364  1
55.5419  85.0147  1
105.569  143.451  1
169.764  181.586  0
69.6541  116.691  0
86.5682  125.778  0
111.777  110.787  0
246.039  76.9875  0
160.572  196.911  0
282.791  150.51  0
83.2122  156.289  0
191.777  210.519  0
97.7111  145.861  0
153.197  26.327  1
146.835  25.8896  1
158.079  190.509  1
242.463  95.3364  1
110.887  141.907  1
272.436  171.488  1
93.9446  104.684  1
146.755  28.9632  1
219.384  96.3494  1
178.463  81.3364  1
107.665  131.33  1
129.142  132.116  1
250.633  130.59  1
103.288  132.078  1
98.3843  131.427  1
141.432  132.355  1
271.461  131.55  1
70.4755  132.792  1
70.6411  130.411  1
58.6192  122.141  1
140.358  157.384  0
184.715  58.4081  1
180.713  57.4707  1
183.112  60.9406  1
296.725  106.357  1
144.963  62.3364  1
185.667  61.2994  1
285.837  94.8328  1
146.697  64.3032  1
186.376  63.6814  1
292.317  131.25  1
128.445  143.831  1
130.701  144.554  1
134.669  144.138  1
146.635  144.299  1
157.362  184.761  1
262.076  143.321  1
255.597  182.764  0
106.636  144.563  1
282.305  126.294  0
116.9  167.859  0
180.772  184.305  0
120.434  110.527  0
74.3235  144.868  0
121.267  146.169  0
63.4525  142.742  0
170.038  169.192  0
114.566  112.98  0
112.72  113.702  0
219.196  172.76  0
154.117  163.456  0
198.78  199.5  0
131.397  182.903  0
194.977  187.967  0
168.571  198.042  0
69.9488  138.338  0
293.986  136.561  0
127.584  129.517  1
244.981  184.589  1
240.482  184.315  1
141.36  184.927  1
83.7912  157.107  0
67.9218  125.43  0
304.077  127.346  0
139.313  185.258  1
272.776  112.357  0
297.402  137.361  0
109.039  104.387  0
107.808  100.713  0
159.174  198.556  0
152.965  185.759  1
275.199  181.732  0
261.644  181.354  0
259.23  181.274  0
164.202  154.395  1
269.357  155.872  1
130.507  121.315  1
145.781  195.046  1
154.574  39.3364  1
193.84  151.794  1
194.213  101.836  1
233.187  105.428  1
209.64  161.157  1
244.686  173.611  1
96.1395  125.663  0
131.963  132.336  1
248.281  101.914  1
90.1913  117.735  1
191.185  201.948  1
167.452  178.947  1
301.834  100.78  1
265.068  142.689  1
157.602  97.3252  1
62.2487  87.3806  1
177.399  71.1807  1
166.255  169.164  0
168.141  168.659  0
101.663  191.688  0
161.262  169.134  0
155.4  169.104  0
157.384  168.185  0
152.009  168.256  0
150.047  169.312  0
130.838  168.311  0
148.524  168.1  0
282.259  173.663  1
128.882  170.167  0
234.191  170.312  0
104.946  172.274  0
109.814  171.926  0
126.647  171.989  0
128.307  171.521  0
245.109  171.8  0
251.485  170.699  0
279.106  170.346  0
87.4824  171.541  0
257.166  156.346  0
266.162  156.526  0
295.305  156.705  0
296.563  156.201  0
138.529  166.844  0
129.366  157.277  0
131.011  156.191  0
142.85  156.477  0
180.044  70.0777  1
186.723  77.4812  1
70.5838  136.303  1
169.463  71.3364  1
92.5329  118.004  1
114.456  118.395  1
96.3761  116.793  1
113.376  117.335  1
263.476  170.3  1
269.347  117.602  1
266.492  92.9711  0
58.1337  92.4104  0
79.8555  132.554  0
263.139  190.046  0
86.4533  94.4024  0
299.814  152.583  0
304.464  93.837  0
82.1832  144.599  0
100.852  95.3124  0
71.8453  112.455  0
269.146  169.91  1
216.164  169.568  1
212.749  92.3735  0
183.639  183.72  0
212.626  101.733  1
257.5  171.624  1
84.703  90.2746  0
273.871  170.351  1
254.463  170.336  1
85.7354  92.7262  0
206.065  169.993  1
271.658  169.446  1
175.463  106.836  1
145.069  132.009  1
171.18  58.9049  1
128.005  167.369  1
101.981  177.273  0
290.007  105.245  1
209.27  132.278  1
147.704  151.068  1
126.929  113.195  0
273.287  123.728  0
92.5454  98.5099  0
58.8546  104.141  0
221.649  175.638  0
299.076  155.979  0
116.159  148.748  0
175.113  147.743  1
120.963  203.336  0
128.631  203.191  0
216.226  202.208  0
232.478  202.702  0
158.17  202.397  0
183.561  202.689  0
130.028  153.16  0
77.6561  102.997  0
213.568  201.165  0
222.931  201.363  0
257.741  173.201  1
63.0114  98.7883  1
160.881  108.235  1
126.211  143.3  1
140.768  116.311  1
232.934  161.13  1
162.154  93.211  1
60.2533  118.185  1
260.082  143.378  1
101.593  107.431  1
177.173  198.34  0
260.384  139.928  0
98.9267  98.2168  0
106.747  105.527  0
189.082  207.721  0
58.0946  82.7746  0
74.2994  129.645  0
221.082  181.923  0
150.609  119.27  1
99.8045  152.837  0
290.694  121.728  0
140.287  162.924  1
165.021  190.455  1
266.555  126.762  1
124.392  138.615  1
234.434  148.559  1
194.19  201.609  1
215.464  156.16  1
144.768  162.28  1
213.393  189.011  1
201.397  114.027  1
121.788  129.925  1
127.808  201.191  0
251.536  77.5527  0
66.2927  77.0222  0
220.959  77.3846  0
61.2374  77.0066  0
64.7393  77.0214  0
255.255  76.0169  0
59.2391  76.8526  0
251.068  74.9884  0
252.92  75.6994  0
180.105  198.968  0
312.952  115.779  0
110.545  162.94  1
271.52  137.537  1
182.538  71.854  1
180.224  74.3623  1
183.333  74.5744  1
187.902  160.633  1
242.66  183.03  1
156.835  74.7918  1
164.463  74.3364  1
170.45  74.3792  1
176.783  74.0667  1
274.374  154.16  1
296.831  152.399  0
296.744  138.945  0
272.46  152.531  0
269.707  152.203  0
124.641  154.321  0
83.6633  153.55  0
81.2357  153.288  0
298.439  152.411  0
266.168  152.448  0
85.0338  153.63  0
286.251  142.189  1
222.449  187.814  1
137.102  143.021  1
139.946  142.833  1
289.528  141.563  1
104.444  142.611  1
106.396  142.424  1
124.31  142.349  1
263.484  141.675  1
265.294  141.064  1
215.685  172.815  0
159.963  31.3364  0
303.316  99.6893  0
186.963  79.3364  0
137.889  156.415  0
246.376  79.0868  0
187.858  162.848  0
63.0708  131.013  0
160.463  31.8364  0
262.734  136.634  0
90.827  135.942  0
75.4362  88.2512  0
73.3627  88.1638  0
51.2445  89.2697  0
293.022  87.7228  0
289.187  161.071  0
207.332  88.6131  0
206.57  88.4325  0
77.3675  88.4753  0
255.011  89.4711  0
215.345  87.0436  0
115.999  115.651  0
64.6478  105.834  0
281.005  134.526  0
307.473  116.731  0
125.715  161.125  0
71.4951  115.213  0
159.557  168.843  0
251.892  184.708  0
109.165  114.642  0
75.5612  98.0524  0
160.686  190.771  1
64.1635  80.6649  0
236.519  87.5572  0
59.7445  83.092  0
275.98  119.903  0
244.142  170.628  1
268.275  163.465  1
294.078  133.859  1
172.463  106.836  1
168.109  173.695  1
216.975  122.973  1
266.452  143.183  1
182.745  101.809  1
78.8763  140.01  1
100.029  129.06  1
112.88  132.616  0
113.806  134.752  0
268.271  132.596  0
80.2555  133.618  0
295.988  131.903  0
58.2419  132.367  0
288.823  131.872  0
295.168  130.777  0
147.836  162.497  0
268.686  131.668  0
216.62  184.402  1
136.59  121.566  1
293.051  132.915  1
196.926  177.597  1
167.377  185.85  1
189.463  111.836  1
170.713  84.5864  1
156.9  107.808  1
165.717  193.229  1
76.994  145.173  1
257.529  181.385  0
255.923  180.942  0
294.721  161.164  0
201.627  181.776  0
277.449  181.527  0
149.54  185.408  1
223.151  185.256  1
165.214  184.622  1
55.6767  105.718  0
92.0925  182.718  0
237.992  185.113  1
230.643  184.547  1
240.133  82.0901  1
171.016  96.9417  1
80.945  87.0641  1
237.463  148.336  1
177.936  112.088  1
276.404  172.862  1
226.206  150.972  1
87.2117  168.609  1
222.057  158.532  1
106.169  125.44  1
260.739  165.356  1
268.356  144.848  1
250.41  117.098  1
265.686  125.826  1
132.675  152.471  0
267.403  142.58  1
142.963  51.6531  1
189.541  178.611  1
177.938  106.614  1
252.197  83.5396  1
237.686  95.0995  1
288.2  168.732  0
290.126  168.656  0
76.6246  129.944  0
99.5424  169.861  0
196.829  189.065  0
157.671  170.627  0
164.542  170.119  0
175.575  171.278  0
177.103  168.567  0
181.071  169.682  0
84.6649  128.737  1
223.06  164.472  1
267.601  159.112  1
120.903  151.348  0
273.252  128.974  1
227.647  166.925  0
56.9448  82.8624  1
120.147  168.143  0
224.867  168.452  0
90.0646  166.022  0
288.736  113.653  1
89.7233  169.994  0
104.963  168.339  0
235.617  167.415  0
82.4533  168.428  0
261.888  159.395  0
81.1515  158.15  0
88.4055  110.382  0
282.556  144.934  0
84.5299  112.088  0
157.589  156.354  1
294.476  99.4323  1
309.746  117.309  0
118.97  196.41  0
56.5715  117.744  0
71.4688  118.125  0
72.7251  118.288  0
99.0033  118.287  0
97.9284  119.261  0
105.308  117.965  0
107.58  118.231  0
109.463  118.336  0
192.274  177.484  1
184.147  178.157  1
241.347  178.155  1
194.567  178.963  1
149.42  178.533  1
244.513  178.627  1
154.725  189.668  1
165.314  179.428  1
162.223  178.424  1
233.452  177.274  1
148.865  205.379  0
206.697  164.232  0
250.412  147.454  1
260.288  148.143  1
169.492  195.897  1
176.656  150.293  1
275.119  148.429  1
246.978  103.908  1
199.247  149.174  1
233.593  112.42  1
192.284  149.762  1
256.375  158.913  0
170.463  204.336  0
85.1454  156.595  0
248.73  114.561  1
292.683  155.722  0
287.907  155.042  0
192.609  104.336  1
141.158  155.606  0
139.265  155.242  0
133.534  154.512  0
165.539  161.223  1
260.735  117.676  1
261.382  184.607  0
99.5991  110.133  0
288.244  162.509  0
114.518  109.328  0
64.893  83.8492  0
114.967  110.186  0
51.1819  85.1007  0
197.619  185.652  0
89.8869  129.472  0
88.2723  94.3783  0
273.402  97.0664  0
94.3847  98.1445  0
266.208  111.86  0
210.478  188.317  1
159.463  114.336  1
169.463  49.3364  1
165.463  49.3364  1
161.432  49.5203  1
178.463  121.336  1
153.562  49.7219  1
149.972  48.9558  1
272.964  135.735  1
114.811  123.827  1
74.4829  108.568  1
259.178  95.3183  1
181.333  156.448  1
154.463  68.3364  1
181.33  63.6186  1
215.888  96.3614  1
158.619  71.3922  1
167.463  76.3364  1
258.307  84.8005  1
166.389  60.3064  1
273.676  137.965  1
78.7813  138.25  1
139.825  152.91  1
247.627  139.29  1
103.511  139.397  1
264.3  111.943  1
290.613  138.276  1
101.671  139.023  1
99.6922  138.222  1
241.942  150.801  1
153.751  187.148  1
254.1  152.719  1
65.4172  93.0385  1
159.631  30.5103  1
266.402  101.1  1
186.634  127.312  1
270.254  131.88  1
198.218  162.797  1
196.423  128.224  1
83.4844  93.5501  1
239.693  93.7167  1
236.405  92.6874  1
285.932  148.88  0
98.1225  147.168  0
264.174  148.652  0
233.308  190.014  0
231.467  188.782  0
61.2368  91.5341  0
57.2681  91.228  0
119.323  118.095  0
87.3752  91.6551  0
87.7055  143.9  0
247.04  90.1537  0
55.4  91.4479  0
265.093  91.2463  0
92.9238  90.2041  0
54.4594  90.2425  0
179.245  202.02  0
96.0128  119.021  0
220.375  104.287  1
129.384  126.693  1
69.3893  133.849  1
187.485  118.911  1
150.456  108.625  1
211.424  104.324  1
162.417  95.3721  1
161.32  97.1066  1
184.084  63.3244  1
228.275  87.4267  1
89.9099  134.744  0
95.9634  135.336  0
277.329  135.316  0
60.4003  136.648  0
71.0768  137.327  0
74.0275  137.043  0
169.672  179.175  0
257.833  136.086  0
261.662  138.4  0
263.989  135.36  0
268.954  135.496  1
148.45  114.731  1
227.979  180.919  1
147.787  157.561  1
193.352  114.347  1
285.975  155.619  1
266.673  103.633  1
154.883  111.437  1
198.944  126.009  1
136.715  130.813  1
260.457  180.284  0
258.49  180.009  0
157.315  110.163  1
262.397  180.259  0
210.295  180.144  0
206.207  179.649  0
251.367  179.468  0
213.278  179.162  0
164.972  151.546  1
161.994  189.083  1
203.529  180.098  0
130.265  179.969  0
148.463  190.336  1
146.221  190.419  1
144.172  190.501  1
215.654  189.521  1
185.343  210.553  0
64.4874  92.4899  1
300.454  102.154  1
168.763  170.366  0
170.507  170.752  0
152.423  171.54  0
162.499  170.782  0
183.76  170.367  0
194.684  170.617  0
172.679  170.895  0
178.834  171.069  0
146.403  170.816  0
148.472  170.514  0
98.6399  122.665  0
266.658  178.171  0
285.095  128.063  0
73.0132  124.037  0
195.164  149.832  1
82.6076  152.575  0
282.575  141.208  0
70.2014  142.967  0
218.991  180.756  0
93.3417  142.488  0
144.96  174.967  0
67.2446  119.764  0
277.474  141.834  0
280.474  141.834  0
118.274  140.045  0
90.9218  158.612  0
104.036  188.507  0
95.8496  142.249  0
204.83  185.273  0
149.541  164.135  0
256.23  192.015  0
163.83  163.54  0
94.8737  140.257  0
276.27  143.389  0
101.483  120.561  0
68.6258  141.523  0
90.148  137.468  0
234.478  165.267  0
247.151  164.414  0
273.123  164.86  0
287.119  164.558  0
81.9828  165.99  0
104.68  166.397  0
111.243  165.236  0
129.239  166.41  0
196.925  164.684  0
232.743  165.026  0
286.55  116.407  0
76.2297  123.88  0
273.628  116.155  0
275.582  114.95  0
103.463  116.836  0
106.758  116.378  0
55.5763  116.499  0
297.507  134.132  0
73.2079  99.8962  0
271.851  115.54  0
60.2675  126.285  1
244.587  146.102  1
154.226  121.016  1
156.316  121.996  1
269.519  121.098  1
279.661  121.175  1
286.548  122.417  1
190.49  96.0806  1
147.951  120.979  1
158.214  122.948  1
86.8429  119.872  1
235.166  178.674  1
266.544  124.434  1
185.416  176.287  1
248.176  136.493  1
167.251  40.7415  1
190.463  114.336  1
81.546  94.0056  1
255.247  156.308  1
278.897  91.8878  1
225.234  185.675  1
92.3045  150.864  1
103.491  141.295  1
158.124  141.915  1
235.806  143.099  1
250.306  174.501  1
77.5075  143.363  1
163.379  144.549  1
148.872  51.7004  1
80.166  135.921  1
256.737  174.603  1
160.233  142.956  1
212.067  190.345  1
149.003  105.747  1
107.099  167.075  1
261.57  140.956  1
94.3191  154.889  0
73.9437  147.623  0
75.3009  128.708  0
264.482  152.084  0
162.827  165.685  0
275.012  176.505  0
224.507  178.865  0
75.6966  120.454  0
94.0736  167.981  0
283.965  171.184  0
126.343  173.971  0
73.9742  148.776  0
98.6891  143.07  0
110.455  109.845  0
122.029  188.532  0
100.089  121.845  0
146.482  206.302  0
182.684  207.106  0
94.9883  94.401  0
119.093  161.206  0
139.992  170.836  0
203.881  91.2285  0
151.782  197.454  0
218.53  174.714  0
264.107  174.045  0
281.771  163.015  0
231.906  199.135  0
117.879  199.585  0
264.71  156.849  0
244.347  194.879  0
144.58  154.641  1
148.311  158.908  1
105.773  153.696  0
176.534  130.655  1
137.387  163.524  1
220.887  183.997  1
294.155  125.168  1
222.748  89.6106  1
281.84  151.67  0
273.663  152.382  0
248.841  176.673  1
259.609  120.084  1
146.757  36.2423  1
159.322  35.3497  1
157.656  37.3791  1
104.45  128.428  1
159.952  186.892  1
144.463  38.3364  1
146.591  40.5902  1
151.463  39.3364  1
157.168  34.956  1
158.334  33.7542  1
173.463  49.3364  1
146.463  52.3364  1
97.7604  128.586  1
267.361  121.675  1
178.77  54.3031  1
150.507  56.5473  1
156.553  56.3797  1
192.1  127.784  1
162.639  56.0869  1
166.463  56.3364  1
209.627  173.449  0
200.151  172.469  0
217.518  172.827  0
213.374  172.181  0
231.188  174.133  0
220.384  172.416  0
265.003  171.964  0
263.018  172.687  0
104.797  174.059  0
268.981  172.716  0
280.69  132.855  0
288.123  133.698  0
223.095  174.752  0
144.427  23.9363  1
284.418  120.108  1
264.925  146.494  1
250.23  151.398  1
212.78  95.8517  1
82.3925  96.4485  1
83.5708  97.3918  1
143.129  163.555  1
108.406  180.597  1
264.668  96.6465  1
84.9728  83.3883  0
82.2865  84.1166  0
286.373  85.056  0
283.051  84.7192  0
272.31  84.2214  0
218.795  83.8923  0
210.492  86.1477  0
204.138  85.0246  0
202.009  84.9639  0
197.096  171.6  0
111.302  183.928  0
304.821  98.8351  0
217.463  104.336  1
66.1693  96.1047  1
141.421  139.326  1
188.463  104.336  1
155.159  36.3091  1
250.128  99.5623  1
257.021  129.206  1
298.561  108.684  1
110.983  148.058  1
188.213  125.336  1
80.2566  137.256  1
235.909  109.865  1
292.231  151.933  1
274.458  150.169  1
175.943  197.312  1
241.143  175.873  1
64.3475  89.2977  1
208.338  192.27  1
252.386  197.593  0
184.642  152.544  1
197.213  111.836  1
143.995  48.029  1
238.463  144.836  1
278.323  157.147  1
75.1943  138.355  0
96.2925  140.2  0
204.759  133.847  1
201.87  172.8  1
65.1843  140.615  0
245.98  91.8364  0
286.558  138.283  0
293.948  138.063  0
270.598  140.043  0
274.096  140.35  0
75.848  139.961  0
256.208  138.305  0
142.296  152.343  1
236.467  168.843  1
164.333  172.942  0
96.3399  182.363  0
179.463  114.336  1
173.463  74.3364  1
175.43  195.017  1
171.704  195.312  1
279.99  111.868  1
200.484  131.167  1
199.62  200.816  1
156.931  150.817  1
61.9448  117.584  1
155.885  189.741  1
194.213  106.836  1
156.283  38.2512  1
147.528  104.745  1
227.141  171.296  0
230.631  171.14  0
80.8253  172.198  0
87.9  174.317  0
180.87  171.692  0
115.875  166.597  0
191.422  171.26  0
96.4465  141.46  0
160.291  171.1  0
163.489  171.585  0
164.465  62.3075  1
290.921  154.975  0
81.6758  160.657  0
54.9374  119.223  0
159.521  195.755  0
182.08  186.499  0
181.563  168.351  0
287.445  118.642  0
242.834  76.3619  0
131.537  153.92  0
94.6249  138.849  0
97.4509  183.661  0
193.888  209.686  0
141.404  165.21  1
173.463  104.336  1
258.496  154.684  0
284.955  105.469  1
158.002  104.275  1
297.205  103.38  1
161.908  103.541  1
111.743  136.405  1
253.462  105.291  1
155.268  105.426  1
153.559  105.521  1
178.463  99.3364  1
157.348  103.121  1
294.185  102.162  1
268.589  139.86  1
119.493  154.062  0
108.768  156.709  0
182.984  163.788  0
191.918  163.701  0
259.456  163.831  0
262.305  163.608  0
254.315  163.043  0
256.304  163.764  0
209.663  163.361  0
252.48  163.832  0
194.26  164.013  0
198.862  163.967  0
273.436  113.423  0
108.4  188.816  0
312.865  114.039  0
106.022  114.726  0
102.604  114.427  0
107.403  113.005  0
307.931  131.368  0
271.282  114.374  0
84.6499  113.336  0
101.439  112.952  0
88.5341  120.734  1
133.156  186.715  1
201.15  116.706  1
81.6295  119.965  1
111.405  121.292  1
113.194  121.383  1
178.096  62.7838  1
109.463  121.336  1
187.463  114.336  1
60.8835  110.582  1
169.243  146.755  1
173.152  147.0  1
102.367  146.33  1
97.789  136.583  1
103.297  147.438  1
103.434  146.165  1
259.326  145.411  1
116.723  180.552  0
166.358  145.843  1
224.983  145.277  1
263.039  109.616  1
89.0974  92.7608  0
263.478  175.318  0
264.495  176.266  0
266.562  176.265  0
57.6389  76.8385  0
137.898  197.357  0
263.61  177.519  0
273.626  177.17  0
281.832  177.665  0
283.395  177.06  0
225.264  109.406  1
166.249  202.957  0
291.182  89.4245  0
256.738  141.103  0
105.557  99.6216  0
57.2426  112.034  0
128.781  154.261  0
254.874  189.52  0
265.156  175.262  0
261.603  189.37  0
99.5968  176.877  0
136.515  160.513  0
98.2384  152.836  0
274.56  159.761  0
265.715  159.269  0
103.09  163.567  0
83.4254  161.808  0
282.488  160.626  0
175.885  161.272  0
236.128  165.892  1
159.541  56.3067  1
223.463  104.336  1
132.897  138.814  1
252.349  159.296  0
173.295  160.031  0
148.524  54.3242  1
272.521  167.033  1
128.461  188.634  1
141.379  187.719  1
242.398  186.123  1
132.282  195.191  0
269.456  150.371  0
140.398  188.54  1
189.463  187.336  1
80.7545  118.051  1
105.527  194.602  0
98.3494  195.51  0
262.463  176.336  0
153.86  170.421  0
287.846  166.577  0
100.988  175.731  0
121.143  190.154  0
270.152  174.211  0
172.219  185.0  0
92.9727  155.078  0
300.152  93.4658  0
287.62  177.391  0
222.473  172.434  0
200.708  128.381  1
102.457  129.268  1
292.273  136.909  1
229.034  89.3074  1
152.317  153.629  1
155.621  100.5  1
111.988  177.924  1
211.617  125.961  1
182.96  180.526  1
54.3848  85.3223  1
301.064  158.551  0
50.6891  87.3418  0
88.5681  86.5996  0
174.32  186.864  0
197.505  87.5267  0
195.29  86.4697  0
203.746  86.9901  0
200.952  87.7232  0
284.591  86.952  0
280.553  86.366  0
259.457  177.174  1
246.902  176.969  1
231.399  177.36  1
171.513  177.249  1
282.224  152.98  1
161.31  149.046  1
137.463  179.336  1
105.466  179.26  1
168.405  177.13  1
113.364  177.481  1
110.37  132.289  1
120.463  132.336  1
276.655  132.129  1
144.337  54.4568  1
290.11  112.29  1
155.53  191.963  1
293.629  135.152  1
125.854  136.77  1
274.333  153.246  1
275.416  153.524  1
285.555  153.147  1
287.458  153.384  1
289.503  153.469  1
293.81  153.934  1
147.148  152.888  1
117.067  154.949  1
81.6813  136.173  1
256.086  154.456  1
182.478  132.838  1
244.225  90.1694  0
174.411  109.337  1
158.782  98.0694  1
142.205  120.974  1
125.542  202.022  1
58.3103  128.401  1
235.463  103.336  1
125.145  169.842  1
227.157  113.92  1
146.589  58.2168  1
261.721  100.142  1
83.4656  99.3731  1
87.2193  176.824  0
126.468  176.068  0
294.783  152.99  1
259.425  170.347  1
111.803  126.674  1
194.372  181.909  1
91.2205  92.0562  0
82.5808  115.847  1
72.2972  93.1935  1
85.5833  176.491  0
287.944  175.306  0
144.655  170.834  0
225.187  173.105  0
134.691  173.698  0
143.045  173.598  0
101.414  173.932  0
112.592  172.848  0
287.569  172.203  0
85.2447  173.166  0
229.342  172.302  0
284.138  172.515  0
75.79  144.116  0
81.925  142.776  0
101.571  143.213  0
113.963  142.336  0
257.255  144.93  0
259.034  141.629  0
283.848  141.8  0
115.917  114.306  0
268.505  141.223  0
293.083  141.939  0
267.578  141.677  1
84.4634  164.336  1
249.324  175.518  1
70.7989  134.906  1
157.995  158.102  1
63.4644  126.05  0
271.741  174.502  0
282.202  117.643  1
84.6292  142.716  0
233.674  163.359  1
118.968  142.723  0
268.11  112.064  0
95.7422  179.38  0
84.4894  154.421  0
146.813  164.944  0
60.5487  116.921  1
128.39  164.334  1
265.395  163.518  1
277.322  107.5  1
271.463  107.336  1
289.971  113.479  1
295.498  107.368  1
235.463  107.336  1
155.105  107.003  1
167.402  73.6497  1
259.502  107.436  1
152.903  107.452  1
274.495  106.504  1
63.5618  124.966  0
310.007  110.38  0
311.913  112.327  0
85.4847  112.528  0
109.256  111.044  0
79.1631  150.132  0
86.6351  111.908  0
87.615  111.17  0
52.3287  111.453  0
83.2843  111.48  0
71.4975  127.328  1
143.967  126.777  1
155.118  33.5906  1
167.966  127.739  1
179.897  101.115  1
238.1  105.882  1
296.623  126.838  1
60.0378  127.578  1
110.436  126.43  1
226.686  126.612  1
130.078  194.067  0
136.539  194.637  0
239.09  195.488  0
256.478  194.526  0
230.211  194.996  0
232.711  195.404  0
227.961  200.181  0
114.666  165.004  0
155.555  195.905  0
207.332  185.788  0
306.395  120.158  0
250.733  184.29  0
174.572  184.439  0
176.76  183.949  0
129.304  155.723  0
263.515  185.061  0
102.972  157.852  0
197.84  195.176  0
94.7214  184.677  0
61.6768  90.0913  0
71.5082  138.153  0
195.633  171.623  0
100.974  155.291  0
94.1936  188.075  0
85.809  175.069  0
133.827  150.752  0
128.227  173.264  0
183.621  188.465  0
119.598  158.642  0
283.777  137.582  0
220.558  93.6715  1
288.87  144.945  1
129.979  162.873  1
240.739  111.566  1
82.5031  94.983  1
72.3282  131.951  1
207.463  104.336  1
247.883  111.423  1
246.534  160.611  1
284.63  142.878  1
272.987  163.199  0
63.7769  140.187  0
58.8346  119.058  0
220.676  194.175  0
279.753  133.85  0
303.052  129.125  0
121.111  139.987  0
286.677  114.804  0
97.4414  141.047  0
275.763  174.002  0
137.825  119.343  1
136.303  158.312  0
118.796  156.957  0
254.451  158.073  0
142.436  157.898  0
286.858  156.754  0
256.324  157.504  0
108.507  158.293  0
198.123  92.8373  0
128.152  159.492  0
117.62  158.457  0
144.776  45.5998  1
257.208  160.578  0
254.802  160.47  0
291.445  159.133  0
288.246  158.936  0
277.206  95.8949  0
260.576  160.454  0
116.861  160.377  0
92.4872  160.135  0
297.432  159.732  0
295.629  159.578  0
224.508  106.854  1
136.698  188.647  0
206.423  166.591  0
83.6917  169.226  0
292.732  105.589  1
295.015  151.113  0
61.0594  125.549  0
75.929  142.668  0
119.811  174.34  0
284.594  119.123  0
174.451  122.375  1
174.49  176.1  1
159.519  175.213  1
244.036  175.809  1
81.2617  95.7537  1
258.526  174.313  1
185.08  109.313  1
152.228  176.96  1
111.102  180.58  1
195.593  109.322  1
199.302  109.336  1
200.961  174.604  1
191.818  109.515  1
209.559  109.348  1
213.503  109.328  1
202.279  109.374  1
205.545  109.33  1
95.8646  187.253  0
125.538  207.088  0
137.095  190.124  0
278.489  132.518  1
284.161  98.5334  0
264.532  158.188  0
71.4087  105.049  1
275.96  82.8364  0
303.964  108.165  0
299.131  123.391  0
244.596  132.601  1
203.795  131.927  1
175.463  81.3364  1
156.385  102.618  1
113.283  157.548  1
164.817  96.4515  1
284.43  156.289  1
57.4576  95.9227  1
143.024  194.77  1
86.226  158.009  1
131.339  158.361  1
160.121  157.053  1
133.341  156.648  1
144.212  156.104  1
228.89  101.738  1
293.264  154.694  1
199.979  151.93  1
275.976  90.712  1
264.058  114.877  1
58.2776  85.0885  1
289.732  146.551  1
89.2205  154.611  1
194.237  131.608  1
251.93  153.457  1
113.672  152.327  1
105.304  134.937  1
208.035  201.815  1
156.463  64.3364  1
171.463  101.836  1
227.198  175.093  0
228.417  173.814  0
204.132  121.355  1
158.881  52.8705  1
79.7498  123.681  1
145.948  162.776  1
92.2288  175.014  0
286.374  174.161  0
148.088  60.933  1
293.503  152.685  1
141.417  154.118  1
194.682  154.174  1
275.053  151.448  1
163.431  174.55  0
302.126  129.613  0
81.7057  131.551  0
144.517  119.676  1
94.349  150.927  1
253.54  116.576  1
102.668  145.297  1
303.689  128.334  0
200.147  104.329  1
275.362  129.528  0
259.846  104.881  1
246.736  183.396  1
98.3171  151.359  1
266.692  144.404  1
290.542  131.55  1
293.095  145.787  0
77.9716  146.318  0
228.194  144.646  1
126.62  195.574  0
275.282  146.469  0
99.2855  146.205  0
123.644  146.957  0
255.206  146.22  0
189.376  172.094  0
101.393  145.391  0
113.963  145.336  0
162.804  185.94  1
173.963  93.3364  1
57.1453  129.627  0
282.73  114.796  1
175.133  76.3445  1
82.4301  127.065  1
127.973  119.837  1
230.024  161.164  1
112.088  127.999  0
116.694  129.373  0
175.05  72.1198  1
261.963  119.836  1
123.062  205.422  0
206.652  207.943  0
83.4938  85.6528  0
137.967  191.003  0
212.092  85.2148  0
193.918  170.161  0
101.206  194.503  0
103.493  168.98  0
289.986  164.765  0
193.247  170.865  0
124.876  194.749  1
59.0727  97.3137  1
118.293  128.042  1
289.386  97.186  1
261.419  97.2451  1
257.334  97.3833  1
253.208  98.1228  1
249.463  97.3364  1
245.728  96.8946  1
207.798  97.2079  1
279.502  123.437  1
281.313  123.521  1
162.233  124.956  1
246.958  124.331  1
101.463  125.443  1
103.664  125.061  1
78.631  125.025  1
99.3184  125.253  1
290.334  124.243  1
192.463  119.336  1
54.3051  135.551  0
116.202  112.314  0
92.3355  134.995  0
116.713  135.428  0
238.531  88.9336  0
281.327  136.34  0
282.506  135.37  0
301.011  134.586  0
262.127  133.856  0
285.676  134.386  0
173.02  155.135  1
166.532  156.31  1
248.43  156.79  1
177.134  156.943  1
280.312  156.454  1
274.418  156.438  1
145.369  157.156  1
282.394  156.309  1
151.192  157.55  1
149.261  157.338  1
267.296  139.308  1
287.881  140.874  1
153.608  139.7  1
237.737  139.381  1
60.6925  99.5448  1
102.056  140.773  1
287.509  139.163  1
291.858  139.825  1
185.183  69.6253  1
245.578  137.33  1
200.338  204.67  1
78.2982  83.508  0
283.987  138.934  0
215.638  198.975  0
186.679  193.908  0
230.259  200.221  0
220.841  197.377  0
164.115  198.255  0
176.897  170.624  0
230.157  198.312  0
89.6566  110.637  0
155.456  197.864  0
150.026  35.8275  1
116.877  156.937  1
80.431  113.764  0
287.104  155.831  0
96.0286  138.977  0
267.871  114.244  0
99.1456  123.842  0
301.039  129.307  0
186.971  81.4682  0
61.681  138.23  0
89.2935  157.307  0
89.7874  112.489  0
152.469  112.667  1
82.908  158.575  0
79.5695  159.83  0
114.586  166.295  0
110.025  112.751  0
262.888  158.407  0
184.771  186.413  0
94.3743  158.728  0
92.5105  158.354  0
163.778  166.33  0
170.708  183.272  0
274.135  129.956  1
270.726  115.457  0
251.124  185.46  0
124.004  186.756  0
182.086  188.464  0
284.788  173.564  0
264.467  185.842  0
69.2478  88.5423  0
129.853  171.929  0
100.883  174.822  0
260.199  187.99  0
83.071  82.3245  0
80.5201  82.4099  0
66.3268  83.9005  0
62.7383  83.6502  0
193.255  88.2402  0
70.4555  83.8353  0
262.614  91.1519  0
213.924  84.2583  0
62.0959  123.925  0
50.0  83.3615  0
81.8214  88.2824  1
104.592  103.887  1
82.0453  117.168  1
151.865  105.589  1
100.752  104.923  1
99.3719  105.501  1
103.581  105.46  1
102.219  105.036  1
103.322  104.21  1
98.391  104.373  1
274.849  172.427  1
266.698  107.851  1
277.062  101.641  1
238.538  151.031  1
188.737  174.054  1
89.9856  106.552  1
170.145  173.562  1
165.868  111.401  1
106.492  173.341  1
294.097  129.998  1
132.527  144.484  1
179.787  132.197  1
88.8156  118.011  1
221.452  130.809  1
188.702  130.386  1
61.3415  131.457  1
207.057  111.551  1
74.0022  132.757  1
294.984  126.827  1
160.638  163.379  0
140.173  124.965  1
197.564  170.62  0
270.714  130.395  1
212.899  86.6322  0
239.541  78.5244  0
111.148  113.987  0
98.7949  101.807  1
200.237  111.829  1
97.2019  101.511  1
157.213  50.0864  1
291.741  101.059  1
265.719  179.439  0
68.2479  130.144  1
147.04  160.021  1
150.217  160.532  1
290.688  107.309  1
281.669  149.712  0
87.5115  161.314  1
129.602  160.399  1
142.929  161.107  1
54.2758  83.0209  1
265.51  120.588  1
143.359  159.035  1
169.326  159.38  1
276.88  122.742  0
198.747  90.2435  0
240.369  193.142  0
174.165  173.555  0
158.984  66.3284  1
198.612  114.343  1
70.3713  126.759  1
179.006  155.047  1
159.216  189.09  1
157.136  189.46  1
97.377  143.576  0
278.981  160.627  0
88.8376  140.497  0
118.335  137.814  0
292.469  120.317  0
154.595  194.664  0
191.738  169.839  0
139.379  107.287  0
198.239  165.627  0
285.95  136.918  0
279.681  131.266  0
64.2451  132.402  0
268.22  130.686  0
277.913  130.728  0
89.8047  132.76  0
117.82  132.199  0
65.9661  131.319  0
77.3384  131.722  0
275.758  169.904  1
85.6122  161.586  1
289.776  133.618  1
150.13  192.416  1
95.9634  132.336  0
112.131  131.055  0
105.956  104.259  1
152.967  158.585  1
183.463  114.336  1
266.483  166.082  1
201.823  154.738  1
275.606  111.362  1
142.459  155.098  0
141.963  35.3364  1
296.153  153.608  0
85.8007  155.04  0
278.284  146.865  0
83.384  151.036  0
159.331  163.637  0
105.502  119.206  0
299.174  129.825  0
210.905  88.0362  0
217.463  99.3364  1
214.07  99.1413  1
227.66  99.0362  1
221.203  99.2043  1
239.918  99.4237  1
235.463  99.3364  1
158.555  100.553  1
289.417  99.5575  1
116.872  113.627  0
208.668  99.5773  1
205.823  99.3411  1
299.514  137.426  0
301.936  138.462  0
91.0817  138.755  0
92.9649  138.334  0
229.781  173.971  0
72.798  138.538  0
59.4446  139.306  0
71.4996  139.301  0
166.552  166.239  0
284.897  138.202  0
103.414  120.104  0
272.132  113.426  0
272.467  120.539  0
174.256  170.576  0
296.552  120.111  0
298.566  121.149  0
301.333  120.046  0
311.286  120.892  0
93.9832  121.363  0
95.9612  120.289  0
141.963  32.3364  1
158.868  32.127  1
161.366  32.7074  1
231.62  84.6489  1
159.722  33.3356  1
162.362  33.5235  1
259.147  150.149  1
160.86  34.2546  1
158.094  31.0386  1
211.783  162.685  1
175.588  127.421  1
143.263  153.606  1
281.583  131.814  0
76.735  97.6058  0
88.9337  98.2763  0
118.816  109.228  0
207.792  182.958  0
126.115  185.059  0
146.535  169.045  0
106.839  188.833  0
277.128  145.987  0
57.2749  109.208  0
223.851  156.375  1
112.09  114.897  0
85.4924  114.07  0
83.8343  114.701  0
67.6637  114.995  0
292.783  114.047  0
291.099  114.347  0
266.964  113.337  0
88.4202  113.543  0
87.3864  113.774  0
86.468  113.846  0
83.7028  95.4963  1
172.648  91.0193  1
145.577  56.7321  1
81.0315  89.4793  1
248.38  148.652  1
292.04  113.107  1
187.683  157.485  1
60.8429  120.748  1
146.823  147.256  1
228.127  186.605  1
144.468  55.5761  1
263.127  186.21  0
180.983  187.405  0
183.595  187.159  0
199.102  187.473  0
257.159  186.671  0
266.642  187.387  0
105.091  188.991  0
110.271  188.63  0
179.36  163.695  0
94.6052  106.68  0
120.171  188.366  0
82.4781  104.146  0
154.751  154.873  1
82.1647  121.518  1
231.316  143.092  1
294.185  104.017  1
275.222  135.863  1
237.318  175.02  1
295.867  125.187  1
235.463  151.836  1
99.779  100.671  1
75.3322  95.2501  1
292.558  148.021  1
171.172  157.673  1
206.089  156.976  1
101.571  157.245  0
100.343  158.3  0
300.38  156.316  0
297.428  156.221  0
263.613  156.431  0
259.463  156.336  0
123.468  156.411  0
122.347  157.292  0
101.547  156.371  0
82.3766  156.852  0
116.999  195.452  0
128.481  196.362  0
219.874  188.362  1
60.6519  128.9  1
181.807  197.028  0
184.962  196.334  0
137.592  105.741  0
231.327  196.896  0
104.889  191.637  0
300.728  118.287  0
127.315  204.298  0
106.494  107.354  0
67.5642  117.948  0
276.966  124.683  0
298.839  135.549  0
114.876  112.196  0
198.565  171.17  0
96.4078  180.671  0
302.452  104.831  0
148.621  160.283  1
230.709  110.72  1
63.9752  93.5701  1
72.5571  108.341  1
297.488  107.446  1
261.066  171.158  1
73.7834  107.277  1
258.216  102.48  1
227.462  104.307  1
209.252  129.673  1
284.508  121.407  1
246.198  158.43  1
235.275  172.443  1
235.43  96.0465  1
249.711  177.651  1
120.252  127.303  1
163.323  160.059  1
134.452  126.8  1
161.027  35.8357  1
70.845  108.029  1
105.168  121.271  1
272.898  142.303  0
267.561  153.143  0
93.7637  126.864  0
75.1293  149.684  0
300.29  141.644  0
287.349  165.378  0
72.3846  79.012  0
59.9048  78.2825  0
117.458  166.014  0
137.393  175.084  0
241.326  136.645  1
149.18  136.552  1
268.601  133.992  1
153.189  29.0486  1
195.963  114.336  1
243.0  138.332  1
177.463  116.836  1
77.4634  137.336  1
69.3473  137.171  1
67.241  137.659  1
264.827  137.611  1
295.557  113.15  1
285.445  161.067  1
61.1968  140.317  0
156.503  163.726  0
183.375  125.833  1
154.732  80.8844  1
96.2654  157.939  0
120.514  144.612  0
152.374  163.16  1
285.708  166.39  0
155.14  199.282  0
296.785  109.292  1
117.512  150.811  0
290.671  93.4975  1
283.114  88.9961  0
63.104  90.1591  0
63.6217  92.3846  0
70.2649  90.7175  0
79.7967  89.1914  0
190.387  88.7597  0
216.049  89.3203  0
236.984  89.8406  0
77.1306  89.8208  0
78.3864  89.7715  0
173.471  168.946  0
222.867  198.786  0
60.8566  143.112  0
165.247  166.571  0
161.345  172.601  0
108.396  119.071  0
211.682  204.348  0
97.6174  182.545  0
94.0427  133.023  0
67.2735  80.4011  0
271.701  117.756  0
211.15  183.106  0
129.826  169.365  0
273.758  172.019  1
218.892  132.319  1
100.411  123.817  0
102.634  123.419  0
126.697  203.713  0
194.442  206.278  1
77.1888  125.014  0
83.1055  123.815  0
83.7527  125.444  0
96.8223  124.594  0
285.818  156.663  1
167.463  47.3364  1
167.061  153.575  1
139.035  112.793  1
123.213  170.882  1
230.35  164.772  1
149.216  103.699  1
99.0666  94.3682  0
270.62  129.248  1
275.931  160.167  0
98.0566  163.068  0
116.623  163.79  0
275.371  161.794  0
296.088  161.688  0
270.999  178.756  0
286.333  165.265  0
78.1543  162.387  0
80.4377  162.284  0
299.074  160.751  0
297.277  161.637  0
284.694  129.376  0
305.026  128.841  0
68.2789  86.8498  0
285.115  130.995  0
297.732  130.411  0
300.555  130.231  0
309.401  129.812  0
78.3231  131.735  0
90.9978  130.256  0
114.158  130.413  0
142.588  49.1928  1
177.466  48.8394  1
168.463  87.8364  1
179.822  51.1967  1
142.965  53.4026  1
181.556  53.088  1
183.475  56.778  1
143.823  58.7712  1
276.485  156.172  1
158.574  174.288  1
261.335  173.195  0
64.3193  123.438  0
65.9962  122.201  0
72.7806  122.586  0
92.4614  122.835  0
68.4374  121.976  0
70.5501  122.428  0
274.195  122.275  0
187.175  196.78  0
95.9403  122.824  0
97.1236  122.093  0
60.9091  114.62  1
202.866  125.98  1
202.463  119.336  1
161.65  118.553  1
116.438  126.832  1
137.801  181.812  1
146.991  20.9788  1
150.507  21.1546  1
235.47  90.6625  1
249.167  82.8877  1
167.079  150.683  1
245.055  164.882  1
290.486  150.101  1
288.424  150.46  1
143.245  189.139  1
289.441  151.792  1
247.547  151.186  1
217.392  151.41  1
222.463  150.336  1
143.004  150.15  1
165.064  105.198  1
262.948  147.12  1
282.792  107.328  1
276.052  133.871  1
293.161  137.554  1
226.231  197.455  1
266.891  137.846  1
136.628  135.357  1
99.0401  111.521  0
287.089  137.426  0
305.896  111.347  0
274.058  111.771  0
226.463  93.3364  1
144.841  188.704  1
286.596  157.645  0
58.5444  111.868  0
100.775  97.5151  0
188.629  164.79  0
272.017  125.107  0
67.1643  88.2036  0
260.383  185.433  0
91.2799  185.347  0
203.138  185.195  0
257.954  186.019  0
101.416  187.563  0
59.8648  105.931  0
99.3725  187.617  0
100.391  186.064  0
202.386  167.741  0
198.941  95.4003  1
110.772  174.246  0
210.101  101.73  1
179.621  72.2858  1
187.268  151.341  1
173.963  149.836  1
163.164  42.8719  1
146.749  43.0675  1
277.626  172.683  1
122.945  132.494  1
144.949  121.046  1
277.447  123.787  0
228.046  204.703  0
130.316  154.697  0
127.731  154.8  0
227.877  202.705  0
53.5326  92.8028  0
264.351  154.301  0
262.162  154.705  0
299.494  154.384  0
265.694  154.371  0
98.5601  156.25  0
158.138  163.383  0
275.85  171.696  1
212.548  205.835  0
142.191  206.411  0
130.16  204.118  0
209.82  112.146  1
187.906  154.121  1
182.441  204.773  0
128.017  183.794  0
271.164  143.164  0
103.293  171.8  0
135.313  175.457  0
297.448  117.081  0
201.246  169.325  0
56.5329  131.267  0
107.573  114.976  0
241.476  89.9176  0
112.906  166.772  0
180.43  203.8  0
219.097  125.362  1
211.76  147.826  1
103.34  187.242  0
299.967  107.863  0
114.822  186.327  0
105.575  186.819  0
250.539  186.609  0
194.802  172.849  0
254.108  185.977  0
252.381  186.263  0
141.634  111.221  1
273.319  109.007  1
273.841  173.184  1
246.79  185.575  1
288.546  152.826  1
234.887  89.2528  1
301.288  111.21  1
179.841  187.106  0
67.1544  111.697  1
62.6451  111.629  1
121.511  186.797  0
236.279  163.89  1
75.261  136.785  1
189.605  119.255  1
255.518  148.267  1
195.592  119.619  1
199.351  119.552  1
158.555  89.5922  1
205.399  119.31  1
143.694  185.183  1
216.935  128.566  1
237.909  155.926  1
213.481  119.514  1
77.2696  135.536  1
100.691  176.662  0
98.3863  177.763  0
308.047  128.778  0
130.98  192.062  0
74.256  121.43  0
163.486  164.686  0
213.043  89.021  0
285.59  172.216  0
180.048  194.616  0
285.125  141.171  1
269.578  133.032  1
175.607  206.676  0
148.115  207.663  0
150.684  206.414  0
145.119  207.725  0
130.015  207.17  0
129.016  207.673  0
167.356  207.524  0
131.609  205.413  0
128.386  206.306  0
126.516  206.185  0
164.15  102.155  1
60.9814  124.312  0
231.963  107.836  1
112.637  159.464  1
144.0  59.9292  1
107.586  122.143  1
104.954  144.214  1
101.767  183.598  1
103.768  182.546  1
135.516  181.367  1
273.904  168.57  1
226.414  182.382  1
274.759  171.294  1
301.66  95.4134  0
104.846  101.065  0
271.809  123.713  0
120.402  113.312  0
199.474  165.256  0
91.9929  100.425  0
278.511  124.397  0
202.435  207.999  0
292.514  159.847  0
143.757  207.189  0
289.454  166.582  0
147.475  203.952  0
128.463  198.67  0
118.503  159.825  0
100.625  111.219  0
77.2854  99.6853  0
273.675  125.494  0
95.0815  180.891  0
69.9034  99.4498  0
99.0927  192.855  0
104.38  119.126  0
198.189  189.966  0
179.493  188.816  0
107.923  176.755  1
65.0353  98.1193  1
188.087  183.826  1
100.5  133.544  1
59.172  86.0757  1
255.316  84.1375  1
220.731  169.628  1
108.45  161.777  1
166.463  91.3364  1
61.3895  126.755  0
57.0431  126.216  1
159.507  151.466  1
179.247  187.747  0
252.336  118.962  1
102.637  142.713  1
79.7319  93.8178  1
67.9744  93.0881  1
69.8694  94.4151  1
283.265  93.7531  1
248.144  94.5439  1
160.365  94.136  1
223.448  93.0913  1
217.544  93.2889  1
234.031  93.7685  1
229.524  93.44  1
235.584  188.994  0
282.567  146.308  0
55.7502  132.982  0
301.401  133.102  0
305.488  133.504  0
132.598  169.485  0
297.913  132.392  0
253.216  189.922  0
266.185  132.42  0
303.151  131.664  0
128.055  194.864  0
87.5385  132.231  1
146.889  121.46  1
148.845  148.853  1
141.977  117.306  1
274.843  123.744  0
276.449  123.837  0
69.4662  124.29  0
71.4521  124.329  0
73.1668  125.1  0
84.5693  124.205  0
274.199  117.367  0
306.252  124.036  0
65.8627  124.84  0
104.319  195.978  0
149.518  182.194  1
229.406  146.37  1
230.483  96.3652  1
232.362  175.311  1
257.814  176.148  1
124.805  167.347  1
141.597  161.68  1
145.958  199.644  1
96.7623  104.567  1
92.0043  103.777  1
228.171  91.2716  1
148.892  139.398  1
224.463  148.336  1
244.214  148.519  1
230.893  147.989  1
158.463  148.336  1
185.006  79.2105  1
164.419  148.347  1
242.777  169.228  1
133.442  135.723  1
152.426  148.335  1
108.396  148.369  1
108.007  172.304  1
61.0331  130.194  1
156.687  93.4848  1
166.048  102.748  1
277.818  117.907  0
270.629  117.307  0
130.359  123.872  1
214.214  193.521  0
117.353  118.689  0
94.6714  118.452  0
305.547  118.499  0
263.726  139.618  1
93.4754  119.047  0
63.4485  118.86  0
283.481  118.43  0
277.124  119.89  0
82.5381  89.9614  1
118.972  190.798  0
278.704  135.628  0
118.165  192.36  0
184.656  193.328  0
165.738  165.244  0
231.252  192.52  0
198.833  191.812  0
232.005  192.041  0
233.387  192.097  0
235.553  191.276  0
130.055  142.365  1
274.917  152.486  1
88.0032  153.507  1
142.989  119.242  1
171.188  45.4799  1
106.901  152.658  1
222.463  101.836  1
165.263  118.104  1
294.249  105.317  1
66.3053  113.83  1
55.0298  122.995  1
115.463  153.336  1
205.402  197.396  1
298.861  104.982  1
184.653  180.355  1
150.529  103.064  1
137.349  153.502  1
203.994  172.289  1
56.4816  122.259  1
156.45  90.6003  1
89.4899  136.349  0
88.026  137.333  0
243.116  110.792  1
89.0143  128.845  0
255.0  181.963  0
101.475  118.822  0
254.475  196.268  0
228.915  203.544  0
265.211  131.534  0
283.304  131.619  0
83.898  148.402  0
102.94  166.961  0
146.388  204.763  0
275.831  138.78  0
119.787  135.542  0
133.658  183.99  1
255.588  134.85  1
299.592  113.387  1
223.983  190.062  1
283.515  113.559  1
183.369  80.3331  1
243.144  113.32  1
136.493  114.176  1
247.054  142.059  1
77.4439  113.258  1
260.463  122.336  1
264.326  122.06  1
252.314  122.245  1
293.34  110.613  1
57.7034  123.033  1
109.068  123.466  1
280.463  122.336  1
282.383  122.185  1
122.451  121.861  1
127.82  122.589  1
186.705  199.186  0
254.541  182.926  0
81.477  91.2377  1
79.5158  91.282  1
298.913  159.301  0
264.68  128.985  0
80.5044  97.9236  0
204.942  190.12  0
146.037  197.502  1
252.941  184.594  0
105.219  156.644  0
267.518  143.63  1
180.893  173.962  0
201.384  209.628  0
206.228  210.64  0
203.769  210.985  0
180.919  212.15  0
180.149  211.018  0
183.491  212.175  0
182.044  212.608  0
194.474  211.277  0
191.103  212.997  0
177.976  197.349  0
150.524  196.639  0
149.243  198.39  0
223.641  196.953  0
195.965  196.052  0
237.207  85.2645  0
120.982  197.189  0
227.89  195.188  0
234.98  168.783  0
188.963  195.336  0
179.063  129.761  1
249.687  123.42  1
220.463  186.336  1
143.619  187.297  1
165.253  187.562  1
215.112  187.035  1
225.128  187.634  1
142.423  188.064  1
146.684  188.477  1
154.293  188.171  1
52.7942  81.0132  0
209.623  182.162  0
254.577  180.687  0
57.787  138.891  0
282.529  127.65  0
247.311  173.057  0
101.499  168.677  0
72.3608  86.6242  0
216.183  174.954  0
120.517  142.989  0
255.5  172.81  1
56.2558  84.0894  1
162.189  76.3417  1
204.847  96.5034  1
145.145  183.236  1
169.463  81.3364  1
232.622  83.0304  1
177.963  65.8364  1
79.0935  133.758  1
201.956  160.074  1
292.062  138.154  1
131.869  160.972  1
167.649  95.2406  1
240.575  182.158  1
139.585  183.147  1
164.896  181.863  1
238.341  182.474  1
274.464  174.541  0
280.017  174.704  0
281.442  174.815  0
282.393  174.768  0
230.201  175.303  0
246.547  174.416  0
248.13  174.591  0
260.317  174.294  0
197.574  174.952  0
206.943  173.951  0
66.6112  126.69  0
75.1877  126.6  0
307.521  124.894  0
51.104  126.156  0
278.654  126.142  0
303.531  124.849  0
267.987  177.433  0
277.528  125.506  0
269.927  177.355  0
85.3212  125.576  0
109.042  174.97  0
94.7864  148.799  0
232.239  173.062  0
227.901  196.867  0
75.2548  145.382  0
248.822  187.453  0
292.975  143.791  0
245.565  84.8438  0
296.682  128.462  0
160.936  194.85  0
166.372  114.406  1
188.571  99.1576  1
145.755  155.67  1
113.911  155.097  1
294.055  159.527  0
95.3185  141.342  0
279.018  97.3655  0
57.9656  113.409  0
267.843  151.455  0
85.3252  88.8223  0
128.228  156.435  0
84.0715  123.319  0
160.059  200.797  0
182.416  209.831  0
233.366  100.997  1
136.64  186.566  1
211.463  121.336  1
258.828  115.429  1
178.445  159.746  1
162.713  113.086  1
147.265  200.93  1
163.463  81.3364  1
284.894  154.558  1
237.448  153.802  1
183.463  121.336  1
292.356  153.661  1
82.388  130.637  1
148.591  109.859  1
304.732  103.035  1
141.149  190.356  1
172.467  81.7083  1
184.24  66.0604  1
215.463  114.336  1
206.662  131.169  1
135.056  146.472  1
229.609  189.333  0
256.589  189.48  0
183.51  190.076  0
201.733  190.272  0
104.25  189.522  0
140.613  204.982  0
264.029  78.8652  0
95.7655  189.251  0
207.594  107.192  1
258.414  188.429  0
146.703  48.9653  1
162.963  109.836  1
83.1909  117.075  1
153.549  141.312  1
243.968  159.872  1
100.594  103.434  1
101.044  146.511  1
59.68  128.718  1
169.64  151.856  1
244.963  150.836  1
269.73  116.133  0
115.525  113.403  0
300.124  116.403  0
284.359  115.355  0
202.62  196.936  0
59.6551  117.412  0
98.0189  117.167  0
75.886  116.625  0
99.8095  114.835  0
99.2293  116.006  0
104.384  122.479  1
155.597  179.983  1
196.804  152.047  1
207.098  121.301  1
242.656  141.336  1
105.459  147.181  1
165.144  121.309  1
144.283  56.8449  1
62.7885  113.918  1
217.752  116.517  1
135.194  153.067  0
222.047  167.773  1
141.175  145.402  1
153.871  62.5846  1
91.6979  153.106  0
285.406  151.375  0
284.391  151.749  0
124.012  200.549  1
96.4634  152.836  0
224.963  153.836  1
297.196  111.912  1
223.077  117.731  1
299.412  99.6042  1
174.463  101.836  1
227.459  116.47  1
262.179  104.254  1
163.156  175.557  1
147.615  199.321  1
161.614  86.2987  1
217.463  119.336  1
172.011  52.8303  1
255.186  127.127  1
216.33  149.179  1
239.513  137.789  1
177.473  56.8304  1
219.159  170.527  1
128.739  148.277  1
86.3413  116.381  1
84.4734  116.291  1
97.2892  115.425  1
85.5744  115.199  1
113.68  115.587  1
98.5701  115.455  1
245.467  115.259  1
173.936  196.664  1
301.818  115.335  1
281.18  115.133  1
57.7342  133.674  0
100.384  144.25  0
98.6324  144.851  0
94.7925  144.307  0
279.963  144.339  0
277.172  144.392  0
118.983  144.295  0
115.498  144.214  0
93.2053  144.78  0
89.972  144.959  0
81.0237  134.29  1
284.775  112.06  1
295.436  111.207  1
156.858  112.883  1
278.72  109.575  1
298.723  110.602  1
237.609  111.931  1
259.567  172.718  1
160.083  110.854  1
260.412  109.833  1
144.063  200.373  0
142.495  199.471  0
145.706  201.404  0
126.863  199.951  0
173.89  200.693  0
171.221  200.747  0
188.944  200.292  0
169.499  199.743  0
211.204  200.414  0
197.39  200.579  0
85.7342  107.278  0
83.2718  109.155  0
81.5406  106.063  0
80.7458  107.457  0
308.135  106.835  0
131.192  107.646  0
128.068  107.832  0
125.233  107.752  0
240.251  76.5051  0
113.503  128.378  0
114.102  164.0  0
83.1747  160.077  0
277.807  86.3078  0
71.2124  88.4446  0
112.923  164.134  0
69.7204  114.747  0
259.899  162.025  0
115.677  146.259  0
75.2092  148.17  0
282.727  178.585  0
169.189  202.385  0
218.443  190.304  1
226.247  189.933  1
155.874  188.44  1
124.463  192.336  1
157.371  191.937  1
174.824  192.766  1
193.416  191.231  1
97.8461  134.242  1
291.234  144.871  1
213.468  191.371  1
139.011  165.25  1
108.861  164.648  1
215.963  106.836  1
219.376  101.824  1
239.949  101.981  1
289.225  112.856  1
220.677  165.348  1
114.903  125.894  1
144.158  146.619  1
270.24  167.674  1
266.648  146.068  1
106.858  123.831  1
77.7729  121.674  0
84.9015  121.028  0
288.846  120.946  0
55.4514  121.076  0
92.4554  119.841  0
90.8222  121.327  0
83.3905  122.152  0
86.3082  121.134  0
53.3284  122.346  0
61.1072  122.835  0
178.463  95.3364  1
160.605  166.491  0
162.248  167.012  0
168.044  166.763  0
173.51  166.163  0
101.766  175.166  0
180.215  166.8  0
185.449  167.144  0
189.256  166.842  0
197.527  167.069  0
199.371  166.893  0
84.9505  101.017  1
76.0609  127.179  0
91.9464  128.11  0
95.9136  185.726  0
74.5244  127.458  0
283.826  128.331  0
106.485  101.106  0
276.553  127.471  0
277.897  127.862  0
306.324  125.968  0
309.563  127.195  0
170.645  175.501  1
175.56  201.174  0
295.44  137.687  0
98.9157  168.668  0
282.657  133.108  0
264.664  153.36  0
105.123  155.018  0
199.914  185.938  0
97.2085  118.558  0
157.35  197.309  0
142.407  204.302  0
217.753  187.077  1
253.745  177.007  0
255.889  176.979  0
228.307  177.331  0
229.434  176.45  0
118.111  175.53  0
136.45  177.161  0
260.896  176.716  0
103.536  177.566  0
59.7303  84.7419  0
202.61  175.94  0
110.643  124.155  1
225.448  122.645  1
204.917  159.804  1
237.445  84.132  1
109.615  125.248  1
107.834  125.283  1
124.455  123.98  1
120.643  124.406  1
118.296  123.915  1
116.519  124.669  1
112.03  123.991  1
152.535  34.5476  1
181.463  153.336  1
149.24  153.435  1
167.957  180.309  1
191.461  153.157  1
239.648  153.547  1
213.715  153.227  1
277.789  153.125  1
245.808  153.271  1
111.481  153.255  1
290.906  152.709  1
272.749  156.317  1
251.305  165.461  0
76.7389  134.165  1
173.111  175.536  1
235.504  155.82  1
184.878  182.509  1
181.643  130.406  1
215.963  101.836  1
63.1875  136.127  1
57.5278  121.553  1
293.298  108.165  1
301.385  103.698  1
60.3745  133.26  1
152.432  47.3275  1
282.517  104.856  1
87.8342  104.201  1
62.1686  134.17  1
212.463  106.836  1
161.207  58.336  1
194.463  116.836  1
287.262  104.222  1
159.566  83.441  1
230.143  88.0014  1
224.219  125.265  1
224.426  99.0997  1
264.048  102.486  1
170.0  114.3  1
129.075  145.568  1
219.348  159.655  1
136.273  111.172  0
91.4825  111.103  0
110.101  167.851  0
157.24  84.4166  1
302.198  132.316  0
102.278  160.509  0
101.808  158.791  0
227.463  77.3364  0
228.888  175.191  0
231.007  77.2027  0
161.992  173.71  0
281.533  140.767  0
274.254  179.241  0
266.963  182.204  0
72.7751  83.2398  0
61.2386  82.3458  0
272.265  111.019  0
97.5959  158.485  0
267.706  110.091  0
74.358  82.5619  0
215.396  82.9  0
216.963  81.3364  0
274.255  82.0212  0
271.555  81.1272  0
146.826  163.33  0
132.496  164.169  0
265.937  157.834  0
126.167  163.382  0
287.128  162.114  0
284.933  162.695  0
264.43  161.796  0
207.237  162.047  0
204.741  162.719  0
201.788  163.369  0
279.285  143.308  0
269.536  148.645  0
64.7749  143.836  0
62.1361  143.733  0
97.2845  187.607  0
135.102  167.365  0
270.823  141.645  0
90.9435  162.182  0
276.506  165.593  0
118.952  141.493  0
301.712  127.022  0
237.703  93.1141  1
162.43  116.307  1
258.115  143.45  0
153.149  118.166  1
156.154  118.907  1
190.174  101.841  1
263.169  117.385  1
133.158  117.335  1
139.368  117.716  1
85.438  117.627  1
127.713  117.217  1
269.284  129.583  1
245.753  130.204  1
173.41  129.079  1
72.3336  133.807  1
144.142  130.095  1
265.53  117.406  1
97.7644  103.135  1
301.033  127.95  1
294.169  128.355  1
215.066  93.0947  1
70.9889  111.615  0
228.055  189.611  0
195.089  189.778  0
140.826  191.847  0
140.109  190.185  0
121.685  192.167  0
249.581  188.892  0
244.501  191.24  0
188.453  191.918  0
121.922  200.667  0
174.915  190.198  0
95.556  108.283  0
87.2234  108.276  0
84.2875  108.052  0
77.7266  130.907  0
123.07  109.56  0
111.378  108.859  0
107.313  108.572  0
228.76  200.901  0
56.4912  108.049  0
54.2482  108.349  0
105.191  124.301  1
266.708  115.454  1
210.486  186.173  1
234.131  88.284  1
156.801  94.7175  1
233.344  109.774  1
184.918  161.167  1
241.638  166.068  1
293.072  128.018  1
261.962  106.905  1
308.293  102.291  0
192.326  167.067  0
233.554  76.0161  0
70.9253  82.2304  0
286.597  135.474  0
54.4622  95.4602  0
284.905  116.602  0
78.2937  107.744  0
274.791  95.2216  0
91.9783  136.093  0
56.7144  106.563  0
55.3071  107.162  0
108.211  107.29  0
84.0827  106.154  0
141.12  105.409  0
139.15  105.229  0
53.3472  106.378  0
303.371  106.396  0
135.458  106.084  0
118.361  105.057  0
286.029  162.017  1
71.4392  103.163  0
73.5146  104.252  0
300.964  104.96  0
304.358  104.775  0
306.609  103.201  0
67.5305  105.889  0
84.4634  103.836  0
101.302  104.258  0
106.86  103.256  0
107.597  104.469  0
153.487  196.231  0
133.578  195.196  0
130.508  196.239  0
281.069  93.4986  1
139.165  187.946  1
245.863  195.556  0
70.9611  141.756  0
94.703  119.661  0
57.5295  124.434  1
239.724  186.296  1
156.536  97.7608  1
240.851  104.331  1
232.588  151.211  1
211.463  114.336  1
134.893  141.328  1
258.647  131.22  1
153.93  88.2505  1
227.534  148.033  1
169.998  176.981  1
83.0268  139.151  1
146.592  156.82  1
286.128  110.389  1
101.533  105.944  1
174.461  157.009  1
128.271  146.846  1
203.897  117.2  1
195.944  167.805  0
200.677  167.335  0
175.369  167.542  0
188.852  167.989  0
291.429  167.737  0
114.75  168.042  0
282.179  167.551  0
286.116  167.903  0
169.675  167.983  0
171.502  167.496  0
52.0771  79.5317  0
268.52  80.1136  0
265.94  79.7055  0
75.9592  79.6865  0
61.0006  80.8258  0
115.694  165.254  0
54.3424  79.8208  0
51.4501  80.7905  0
74.1198  79.7207  0
59.6192  79.839  0
101.476  154.236  0
124.527  113.421  0
132.867  191.186  0
103.789  118.121  0
260.271  90.1633  0
296.768  118.683  0
294.871  121.368  0
51.8888  86.5907  0
275.001  119.91  0
212.176  181.678  0
260.38  178.416  0
101.186  180.107  0
114.166  180.125  0
172.574  179.174  0
174.403  180.49  0
200.367  177.282  0
105.647  159.951  0
249.34  179.123  0
98.7475  181.986  0
100.04  181.168  0
155.45  190.761  1
187.463  89.3364  1
122.861  168.857  1
268.407  87.9073  1
107.881  169.817  1
176.463  114.336  1
286.702  112.538  1
65.8318  89.0594  1
244.329  103.628  1
106.212  181.159  1
178.832  198.897  0
252.909  195.021  0
103.315  191.122  0
126.07  204.824  0
94.2976  186.493  0
136.209  168.815  0
104.162  99.8142  0
61.06  83.9423  0
73.2665  111.582  0
115.627  109.255  0
88.0008  134.639  1
240.536  169.96  1
191.499  183.177  1
126.742  146.063  1
258.22  118.138  1
179.913  104.246  1
74.992  93.4702  1
169.34  43.3006  1
278.446  154.88  1
203.463  104.336  1
66.011  135.845  1
270.057  138.721  1
238.674  108.725  1
290.906  134.805  1
105.864  161.711  1
88.4002  151.619  1
128.48  204.446  0
232.64  90.0301  1
109.536  155.213  1
124.297  204.471  0
167.08  163.124  0
172.463  62.3364  1
158.553  105.934  1
148.587  30.9255  1
179.57  78.5718  1
222.967  129.376  1
176.463  104.336  1
182.646  93.1568  1
148.485  119.657  1
62.3039  118.843  1
162.463  71.3364  1
252.539  110.04  1
71.8577  149.68  0
71.2456  149.082  0
280.858  125.889  0
131.726  150.642  0
122.775  150.272  0
118.285  149.339  0
85.8196  149.061  0
231.161  167.07  0
73.4288  150.114  0
72.6538  148.635  0
161.537  88.7839  1
96.9398  159.41  0
157.463  68.3364  1
88.8858  160.396  1
218.7  193.179  0
265.397  177.7  0
120.878  195.075  0
246.072  193.423  0
163.596  195.142  0
158.878  194.681  0
178.721  195.755  0
178.139  194.148  0
90.9532  97.1492  0
153.316  193.833  0
140.968  193.931  0
177.891  127.873  1
130.607  146.273  1
151.072  30.2203  1
198.486  129.136  1
172.727  198.352  1
131.631  178.45  0
152.909  65.1835  1
89.8067  152.964  1
143.751  120.645  1
150.08  61.1859  1
106.486  171.446  1
57.6404  84.1344  1
150.46  111.264  1
244.978  143.54  1
114.709  116.917  1
159.329  76.4021  1
139.298  115.261  1
191.338  195.809  1
208.17  197.063  1
193.533  197.237  1
76.6923  101.4  0
74.7184  102.305  0
98.9711  96.4371  0
197.147  210.728  0
56.7851  103.067  0
110.769  102.67  0
108.426  102.478  0
307.751  110.138  0
94.2528  179.069  0
79.4334  102.817  0
276.255  98.0211  0
56.9634  99.3364  0
58.9649  101.324  0
65.1854  100.107  0
61.6821  121.449  0
280.297  99.827  0
285.313  100.515  0
60.7637  102.593  0
101.07  100.792  0
282.868  100.67  0
256.604  197.694  0
244.461  197.237  0
124.371  162.619  0
117.13  198.038  0
181.183  198.982  0
179.674  197.378  0
253.204  187.339  0
268.501  175.313  0
258.962  195.338  0
76.3174  82.3543  0
267.841  156.875  1
184.231  104.332  1
287.925  110.908  1
223.135  183.431  1
151.165  63.0123  1
57.3558  97.6916  1
184.971  132.836  1
131.263  147.577  1
209.476  123.292  1
94.4547  114.599  1
292.737  163.506  0
80.0074  164.702  0
76.7762  105.641  0
122.793  164.137  0
162.353  163.275  0
173.006  164.01  0
283.304  162.955  0
289.246  163.218  0
180.536  198.132  0
139.176  191.446  0
248.692  180.427  0
272.725  174.005  0
223.455  169.562  0
124.347  172.775  0
66.4223  108.784  0
132.567  148.864  0
124.777  203.192  0
88.746  130.473  0
287.233  120.427  0
60.3547  108.859  0
191.393  81.7395  0
77.3904  81.297  0
78.5353  92.4362  1
230.938  91.1779  1
161.622  38.0402  1
181.276  91.1372  1
160.602  91.7249  1
158.251  92.379  1
82.0738  92.5874  1
80.4395  92.4303  1
175.705  90.9123  1
108.521  143.438  1
226.385  201.971  0
249.921  180.946  0
57.3589  80.1526  0
51.7498  121.79  0
116.071  140.861  0
287.765  115.629  0
307.378  127.279  0
216.186  195.44  0
275.009  164.155  0
178.35  188.302  0
182.345  183.004  0
185.024  184.451  0
100.626  184.366  0
129.937  184.363  0
98.2772  183.134  0
99.4156  183.89  0
197.919  180.864  0
214.208  182.259  0
107.751  182.882  0
179.925  182.306  0
100.369  99.1839  0
301.863  98.325  0
81.1091  97.1839  0
70.1544  97.21  0
87.5278  98.1233  0
81.7704  98.5416  0
272.55  132.485  1
255.968  131.968  1
291.426  133.195  1
271.112  133.011  1
253.151  132.744  1
125.766  133.049  1
272.087  134.241  1
110.646  134.333  1
74.0294  134.51  1
68.3011  134.413  1
277.145  104.974  1
78.2082  85.3293  1
73.8998  131.175  1
68.8414  138.173  1
283.366  115.757  1
110.976  160.608  1
164.168  175.062  1
79.5804  86.5939  1
56.7556  85.4175  1
153.463  56.3364  1
288.349  155.984  0
150.649  204.411  0
209.703  206.222  0
96.639  156.287  0
265.454  186.264  0
128.407  152.758  0
238.055  77.3661  0
116.052  138.585  0
247.765  171.299  0
148.29  202.81  0
60.8375  85.2215  0
58.9645  84.2231  0
52.3739  85.5046  0
264.825  84.6798  0
247.994  84.9805  0
243.463  84.8364  0
239.463  84.8364  0
187.098  83.8106  0
79.886  84.3382  0
76.1041  84.639  0
266.958  184.111  0
96.3292  184.188  0
97.3839  185.226  0
114.124  183.421  0
262.238  182.35  0
200.787  184.087  0
260.783  183.942  0
261.701  183.415  0
258.614  182.874  0
260.188  183.092  0
58.9436  109.036  0
299.19  107.416  0
142.963  107.336  0
100.235  108.587  0
73.0627  109.998  0
300.951  108.373  0
101.699  109.406  0
62.1807  109.023  0
93.3007  107.612  0
91.2959  107.817  0
265.249  109.981  1
253.475  165.451  1
80.4785  111.464  0
250.0  110.072  1
127.274  151.554  0
61.6626  142.067  0
71.5555  100.592  0
300.753  107.227  0
157.14  161.112  0
242.856  153.851  1
56.8751  104.979  0
61.1822  104.94  0
166.016  163.606  0
248.273  162.394  0
250.679  161.39  0
273.156  161.589  0
148.77  63.0889  1
160.022  97.4421  1
185.463  123.336  1
273.353  146.869  1
63.0832  133.148  1
65.0231  94.6754  1
224.828  114.43  1
98.1596  149.203  1
190.76  121.335  1
218.857  167.401  1
148.302  22.9953  1
82.6095  114.782  0
79.2302  88.3457  0
59.916  115.992  0
208.518  186.095  0
289.17  154.858  0
109.947  170.11  0
237.605  90.858  0
134.186  180.275  0
257.442  126.261  1
110.831  177.526  1
61.0432  88.8864  0
75.9945  89.8326  0
147.675  197.148  1
249.696  197.876  0
116.149  162.984  0
263.329  138.256  1
233.483  197.993  0
145.418  60.7659  1
241.641  197.359  0
75.4793  133.505  1
228.51  183.271  1
186.018  130.359  1
290.956  113.114  1
209.872  119.538  1
126.855  166.211  1
168.292  109.21  1
208.259  184.683  0
164.144  176.484  1
176.963  93.3364  1
81.0776  135.216  1
209.36  134.773  1
146.463  133.836  1
119.134  146.036  0
117.851  146.894  0
86.6313  147.779  0
281.693  146.649  0
284.968  175.084  0
106.51  119.072  0
281.303  147.543  0
280.587  147.457  0
212.608  134.46  1
85.0937  147.292  0
81.9875  146.399  0
273.802  92.229  0
195.591  174.099  0
274.501  103.776  1
66.4657  93.9316  1
299.742  148.412  0
100.82  171.227  0
248.169  108.402  1
137.543  125.733  1
227.29  111.511  1
194.081  173.836  0
227.839  83.5518  1
68.3991  132.097  1
106.403  121.286  1
279.869  119.504  1
59.8083  111.685  1
79.6786  98.9318  0
74.2539  99.3455  0
204.648  88.7974  0
90.0475  99.5391  0
276.304  128.614  0
309.932  100.621  0
78.1844  100.619  0
75.1636  100.398  0
67.8041  101.063  0
160.501  181.819  1
241.016  107.097  1
55.2015  96.9881  0
55.9901  95.3542  0
195.432  161.096  1
283.411  96.1037  0
72.514  96.8298  0
85.4322  96.3727  0
96.559  96.9508  0
270.468  96.5321  0
113.97  162.691  0
266.572  95.1323  0
298.419  95.1775  0
105.147  140.753  1
101.942  171.248  0
196.086  162.839  1
182.445  59.0513  1
235.551  84.6944  1
249.943  192.74  1
160.303  193.056  1
281.034  116.715  1
65.2055  115.074  1
193.862  199.537  1
166.917  164.91  0
226.267  194.293  1
122.517  194.169  1
125.519  120.897  1
111.093  138.924  1
151.922  191.166  1
287.021  150.218  1
175.444  54.2679  1
286.416  139.151  1
180.611  60.7011  1
254.249  120.838  1
168.963  111.836  1
58.5966  99.2255  1
68.7139  128.494  1
168.777  149.267  1
156.005  101.584  1
156.232  104.204  1
116.541  165.576  0
150.62  165.215  0
201.196  165.646  0
203.777  165.405  0
175.917  166.197  0
93.7512  183.623  0
159.666  164.454  0
174.539  164.329  0
148.849  165.73  0
158.362  164.335  0
91.091  148.937  0
135.81  150.948  0
278.963  149.336  0
285.895  149.994  0
115.797  151.285  0
260.493  150.922  0
279.969  150.327  0
86.3474  97.0343  0
117.497  152.617  0
272.705  150.438  0
226.93  73.9675  0
96.0047  143.382  0
291.113  165.663  0
245.257  74.7567  0
223.675  75.6177  0
270.013  114.495  0
243.185  74.0068  0
238.463  73.8364  0
235.463  73.8364  0
231.463  73.8364  0
230.652  86.6867  1
112.54  141.072  1
185.463  87.3364  1
232.553  86.36  1
268.191  119.247  1
180.072  84.6707  1
158.633  86.5488  1
226.502  85.6489  1
174.08  84.5097  1
283.16  123.762  1
119.221  152.007  0
294.958  139.134  0
112.97  111.396  0
254.576  190.969  0
90.5334  122.918  0
210.541  90.4474  0
97.2202  157.533  0
54.285  120.603  0
87.1812  95.9716  0
278.923  138.15  0
185.913  165.101  0
272.572  117.058  0
285.553  118.124  0
262.066  178.977  0
97.1418  119.728  0
65.9177  119.181  0
69.0755  119.303  0
312.82  117.86  0
51.8513  118.496  0
119.002  194.419  0
308.37  119.357  0
264.699  124.645  1
107.154  127.228  1
232.566  91.4688  1
134.069  129.85  1
285.656  144.06  1
253.463  129.336  1
249.463  127.336  1
139.463  127.336  1
107.622  129.316  1
291.658  127.437  1
245.9  82.128  1
230.226  82.5957  1
55.5811  82.7801  1
137.947  132.937  1
207.242  148.776  1
211.018  98.5685  1
177.337  179.467  1
198.398  203.414  1
152.807  79.7585  1
154.603  77.9449  1
254.535  111.884  1
273.263  157.782  1
170.275  122.989  1
134.071  115.064  1
65.4377  79.242  0
104.496  146.689  1
263.507  145.037  1
233.347  145.456  1
137.527  145.391  1
111.466  145.169  1
114.238  106.921  0
247.897  144.234  1
242.039  144.379  1
156.851  144.612  1
89.8921  90.6835  0
275.86  109.224  1
263.433  88.0801  0
259.838  87.2378  0
59.4848  88.5399  0
275.805  87.9328  0
273.253  87.0141  0
270.6  86.145  0
188.37  86.5856  0
66.4753  86.9629  0
254.769  86.209  0
235.576  86.8642  0
144.053  30.8977  1
147.49  59.5588  1
285.218  157.579  1
245.843  87.602  0
87.5871  89.1968  0
240.334  87.447  0
242.744  87.7316  0
248.953  88.4296  0
257.648  89.6153  0
272.7  122.135  0
227.544  169.142  0
115.603  169.058  0
73.8908  138.068  0
294.459  151.815  1
283.53  116.837  0
198.312  206.022  1
182.782  150.6  1
291.735  149.096  1
84.7806  167.372  1
235.895  145.826  1
65.4425  91.6077  1
61.5057  115.86  1
180.463  111.836  1
208.917  190.298  1
189.56  204.93  1
168.541  58.4241  1
147.103  118.069  1
79.8072  134.74  1
55.5176  124.735  1
100.843  131.091  1
99.7299  135.826  1
290.922  129.575  1
286.425  146.855  1
165.271  66.2996  1
212.463  116.836  1
191.631  168.219  0
185.823  168.966  0
199.745  168.529  0
194.447  168.52  0
155.063  193.259  0
82.3383  86.7184  0
88.7771  108.991  0
103.563  122.493  0
64.5298  118.015  0
177.893  174.809  0
177.834  167.311  0
173.078  172.73  0
122.825  145.457  0
57.9236  131.039  0
86.6038  151.649  0
263.065  128.264  0
254.629  140.744  0
56.5824  120.77  0
87.2497  99.3924  0
260.776  175.642  0
277.072  114.078  0
164.899  163.15  0
245.744  118.458  1
233.443  117.867  1
281.831  119.23  1
123.463  119.336  1
115.686  119.117  1
112.372  119.265  1
89.4909  119.376  1
85.4634  119.336  1
79.3003  119.567  1
82.495  132.333  1
91.6498  156.811  0
101.764  147.394  1
74.6536  141.83  0
96.8393  144.77  0
305.963  95.3364  0
274.398  143.555  0
58.6397  115.29  0
102.405  96.5596  0
82.2418  173.593  0
52.9696  96.3301  0
307.717  97.0911  0
104.966  97.8439  0
79.2823  97.3593  0
281.687  97.8387  0
236.123  187.004  0
231.465  187.078  0
187.843  188.868  0
171.901  187.835  0
169.588  185.907  0
126.03  187.332  0
229.938  187.036  0
195.123  185.743  0
248.155  186.161  0
115.596  127.988  0
199.999  85.7937  0
249.391  91.8555  0
289.256  91.0214  0
283.819  125.785  0
258.176  166.249  1
263.159  165.901  1
255.465  92.8364  0
258.421  92.8561  0
202.257  93.0168  0
212.899  167.942  1
266.402  169.226  1
207.512  101.483  1
292.622  92.6262  0
59.8624  93.0025  0
106.203  163.992  1
190.01  148.983  1
185.463  148.836  1
181.466  148.836  1
196.533  104.33  1
209.098  148.232  1
205.179  148.831  1
105.536  151.705  1
87.7436  85.4434  0
178.935  148.692  1
194.921  203.194  1
191.25  199.024  1
289.501  102.676  1
225.941  200.283  0
219.26  200.249  0
119.463  201.836  0
251.116  200.663  0
137.37  201.585  0
131.612  201.278  0
181.747  201.019  0
172.277  202.74  0
184.788  200.073  0
179.926  200.443  0
78.6719  117.17  1
289.333  109.087  1
164.382  156.418  1
202.87  174.268  1
161.738  193.796  1
234.141  81.6383  1
236.303  182.091  1
98.4606  139.942  1
143.514  148.528  1
218.892  156.851  1
114.329  150.256  0
203.613  129.117  1
182.713  106.836  1
121.008  170.519  1
246.885  179.562  1
66.6076  92.5203  1
251.25  173.101  1
87.1751  165.897  1
160.999  175.217  1
166.71  123.528  1
298.121  104.268  1
68.0412  77.7285  0
63.0248  77.5973  0
224.312  79.0785  0
102.756  156.381  0
259.556  77.1283  0
254.463  78.3364  0
53.0623  78.338  0
262.255  78.0211  0
296.968  122.27  0
197.492  192.899  0
55.5866  77.0436  0
257.066  76.7337  0
61.1907  135.114  1
113.087  118.54  1
59.9465  95.2263  1
172.504  78.3086  1
164.463  78.3364  1
286.597  145.458  1
160.813  78.7643  1
75.3902  131.911  1
254.634  174.94  1
292.611  129.24  1
240.189  156.756  1
229.973  202.327  0
117.066  143.067  0
198.209  172.823  0
296.402  130.243  0
143.768  203.627  0
102.338  161.916  0
130.041  202.506  0
261.38  191.138  0
102.34  101.536  0
91.949  146.906  0
268.463  102.336  1
225.463  96.3364  1
249.482  141.566  1
245.29  140.477  1
217.096  154.114  1
248.814  150.136  1
146.276  140.697  1
129.857  139.932  1
126.463  140.336  1
108.227  140.296  1
81.0508  140.425  1
265.697  139.33  1
260.61  102.316  1
149.601  65.5043  1
187.829  66.8619  1
187.55  72.5816  1
229.603  158.729  1
149.336  71.6262  1
185.249  72.3839  1
187.908  71.0309  1
148.797  68.6616  1
147.937  66.7504  1
150.855  151.018  1
89.0778  96.45  0
87.02  112.819  0
56.6823  101.081  0
97.2752  107.549  0
100.728  165.112  0
195.306  166.068  0
193.314  165.421  0
182.995  166.484  0
155.281  165.208  0
304.602  132.056  0
268.1  142.166  0
144.33  165.911  0
210.529  185.299  0
104.962  170.425  0
128.296  114.831  0
209.552  185.755  0
78.5005  87.2411  0
61.8691  127.842  0
102.41  178.89  0
251.673  147.199  0
134.872  132.968  1
89.0641  162.21  1
262.707  124.726  1
155.463  47.3364  1
217.762  112.167  1
204.463  106.836  1
219.384  121.917  1
282.791  120.574  1
54.2917  126.473  0
240.206  149.027  1
131.944  203.306  0
138.963  203.336  0
84.1629  118.216  1
134.532  162.054  1
287.217  127.624  0
152.831  203.692  0
160.891  203.694  0
140.431  186.758  1
271.836  165.102  1
265.242  144.3  1
302.424  127.57  0
121.963  204.336  0
291.107  86.9022  0
109.449  183.933  0
92.3212  133.067  0
260.373  80.3155  0
54.1909  111.695  0
163.554  204.182  0
306.459  128.33  0
93.4809  129.268  0
182.787  172.943  0
214.463  203.836  0
114.603  127.207  0
174.736  68.4599  1
230.585  153.57  1
163.963  52.8364  1
127.971  141.926  1
78.821  114.96  1
230.195  105.804  1
179.52  97.3559  1
211.036  170.624  1
185.453  155.943  1
193.786  162.153  1
190.131  106.821  1
285.528  126.646  0
299.601  127.243  1
77.8245  126.457  0
155.445  28.8133  1
101.445  136.987  1
257.797  168.995  1
201.463  101.836  1
215.351  125.656  1
80.7  116.061  1
187.785  121.339  1
103.682  180.447  1
65.1583  132.754  1
204.555  101.843  1
207.484  114.299  1
113.433  126.941  0
182.483  68.674  1
69.3284  126.13  0
264.138  130.226  0
182.448  169.528  0
283.96  169.235  0
248.921  169.067  0
230.195  169.123  0
197.998  169.781  0
105.944  109.386  0
142.461  170.836  0
135.463  170.836  0
79.3046  170.409  0
72.1671  126.597  0
170.377  171.921  0
167.559  172.186  0
186.112  172.31  0
115.307  172.128  0
282.683  172.419  0
280.863  171.265  0
267.395  172.062  0
233.377  171.85  0
222.151  170.271  0
202.031  171.175  0
229.241  196.75  0
288.662  117.137  0
293.417  115.55  0
227.147  161.176  1
102.321  119.779  0
134.154  109.288  0
119.28  181.021  0
98.9911  117.252  0
120.603  116.382  0
118.047  116.69  0
102.463  117.836  0
99.9634  117.336  0
54.3701  117.572  0
52.8397  117.964  0
295.29  118.021  0
293.704  117.879  0
292.176  118.391  0
110.563  117.376  0
242.09  172.638  1
253.047  172.934  1
106.601  177.574  1
157.332  177.967  1
146.361  185.927  1
145.201  122.156  1
125.564  199.67  1
235.453  175.259  1
187.975  176.367  1
238.201  177.33  1
90.3414  150.999  1
155.759  86.5298  1
159.759  103.923  1
189.56  151.436  1
254.867  150.314  1
252.525  150.766  1
65.0652  142.234  0
129.958  201.133  0
131.725  166.132  0
167.372  170.295  0
251.123  149.38  1
265.945  150.25  0
269.508  93.459  0
196.648  187.132  0
291.196  157.088  0
276.497  176.891  0
55.2662  99.3143  0
259.995  125.444  1
119.195  155.424  0
117.112  177.164  0
221.151  171.336  0
252.538  85.8598  0
81.9868  99.765  0
276.587  130.113  0
257.291  86.8486  0
71.4889  125.872  0
280.664  88.845  0
165.436  195.823  0
105.326  129.985  1
192.622  213.6  0
168.8  183.578  0
296.77  154.722  0
278.469  119.148  1
229.745  113.743  1
167.015  183.056  1
91.6985  105.879  1
146.089  122.213  1
201.945  200.149  1
127.797  134.916  1
213.937  150.319  1
254.464  95.0864  1
147.96  33.8982  1
179.994  209.534  0
204.216  177.528  0
253.885  188.538  0
150.541  171.812  0
286.837  133.977  0
304.184  96.6707  0
132.325  193.27  0
201.711  211.745  0
98.5218  180.659  0
284.535  165.82  0
199.163  179.128  0
89.8996  155.992  0
62.6552  130.181  0
304.656  101.03  0
289.478  114.103  0
76.5494  108.073  0
113.963  140.036  0
271.0  153.817  0
164.083  162.476  0
294.122  148.204  0
231.305  163.516  1
165.375  175.218  1
240.463  160.336  1
76.8127  95.9901  0
197.458  161.052  1
199.601  161.375  1
235.292  161.097  1
237.525  161.213  1
269.664  161.099  1
253.085  157.157  1
168.056  68.0498  1
89.6009  147.472  0
299.104  150.851  0
301.068  151.07  0
81.1658  151.641  0
280.503  130.542  0
240.92  163.422  1
67.7152  142.817  0
160.545  68.5038  1
135.713  137.99  1
103.463  137.336  1
146.107  137.47  1
160.852  176.931  1
286.288  163.099  1
180.878  88.0214  1
233.854  86.356  1
236.285  81.4174  1
269.523  137.12  1
253.299  137.594  1
144.431  160.331  1
212.482  160.36  1
215.463  178.836  0
237.463  79.8364  0
232.463  79.8364  0
243.818  79.707  0
241.431  79.8307  0
229.905  79.9871  0
55.9233  81.0028  0
251.444  80.856  0
248.878  80.6815  0
90.6297  154.538  0
53.2435  82.2207  0
154.354  102.447  1
53.1751  89.361  0
57.5144  89.3396  0
59.2746  90.7328  0
85.7218  126.826  0
205.963  90.1861  0
294.535  90.3839  0
297.721  89.2428  0
52.6363  90.7337  0
288.115  88.1578  0
295.299  88.0328  0
204.055  208.82  0
107.1  98.9073  0
52.0887  123.827  0
118.306  112.371  0
122.685  112.312  0
84.0939  155.515  0
129.36  111.338  0
281.678  133.37  0
125.617  111.005  0
64.8805  126.626  0
116.289  110.126  0
162.433  151.584  1
150.157  161.985  1
187.608  123.336  1
146.073  54.8166  1
252.779  166.935  1
69.3649  135.61  1
265.909  86.8834  1
129.266  116.349  1
160.152  120.532  1
291.935  103.526  1
296.691  132.946  0
130.322  199.457  0
259.562  133.565  0
111.983  129.341  0
278.692  134.443  0
265.912  134.269  0
294.453  135.039  0
119.469  198.894  0
267.34  133.114  0
89.9401  168.148  0
137.93  140.407  1
107.368  160.43  1
173.745  59.4488  1
225.558  101.816  1
291.966  97.9799  1
150.241  106.63  1
289.882  143.426  1
162.737  176.974  1
226.149  196.016  1
171.418  68.4045  1
136.74  184.095  1
160.277  184.206  1
126.203  182.647  0
95.6981  159.426  0
304.892  106.889  0
205.261  182.379  0
77.8725  97.2094  0
256.924  182.988  0
189.463  181.336  1
245.335  181.741  1
94.3214  182.377  0
157.422  78.4973  1
247.508  200.806  0
243.005  198.846  0
233.818  199.772  0
220.373  200.072  0
212.076  194.262  1
157.069  199.365  0
213.441  123.216  1
150.992  199.378  0
205.542  123.63  1
136.137  199.099  0
185.148  74.4924  1
232.226  170.494  0
228.985  170.888  0
148.007  154.443  1
133.228  171.19  0
131.352  172.296  0
174.571  208.809  0
148.774  171.992  0
285.996  170.423  0
282.404  170.266  0
90.4634  172.336  0
83.2541  171.576  0
215.859  165.707  1
251.463  107.836  1
73.7394  141.206  0
63.1485  141.231  0
59.6928  142.22  0
283.43  140.169  0
279.288  139.953  0
196.656  172.998  0
64.0874  124.505  0
92.9826  140.283  0
90.6948  140.321  0
73.554  140.377  0
155.463  52.8364  1
191.542  86.1944  0
146.802  162.21  1
73.3225  135.905  1
75.5681  135.256  1
141.748  156.642  0
94.0013  131.458  0
203.348  169.879  0
118.778  169.336  0
85.0491  170.307  0
245.799  169.07  0
251.923  168.721  0
283.975  144.382  0
116.539  170.192  0
275.732  167.761  0
204.613  167.773  0
128.956  168.328  0
118.965  121.683  1
122.586  114.722  0
175.442  169.445  0
185.968  92.3156  1
101.463  115.836  0
100.464  115.499  0
264.034  150.28  0
178.193  164.97  0
274.141  114.536  0
272.794  114.505  0
57.0493  115.445  0
54.9356  115.332  0
112.663  143.383  1
166.413  81.1873  1
274.989  157.86  1
237.383  179.02  1
84.0884  130.124  1
161.491  98.4837  1
188.463  109.336  1
278.792  122.073  1
169.454  61.3767  1
81.6683  123.141  1
59.4783  123.382  1
235.796  183.674  1
269.451  123.364  1
230.51  121.879  1
160.124  123.915  1
144.334  124.247  1
143.418  180.65  1
157.78  181.413  1
236.815  180.468  1
242.402  180.418  1
192.122  180.321  1
232.387  180.009  1
162.659  180.433  1
186.658  180.232  1
140.447  180.364  1
146.505  180.315  1
270.83  113.497  0
267.617  131.874  0
179.459  185.746  0
273.107  118.161  0
100.96  161.18  0
311.095  115.137  0
290.515  116.843  0
102.533  189.501  0
229.247  193.357  0
100.959  159.847  0
103.436  144.2  1
128.157  137.824  1
168.148  188.792  1
295.216  154.415  1
267.456  134.776  1
275.481  130.795  1
242.213  147.586  1
162.463  60.3364  1
257.631  109.421  1
153.296  191.575  1
126.724  125.786  1
77.1691  115.199  1
239.428  180.239  1
96.1038  160.776  0
308.41  108.633  0
147.784  206.311  0
296.46  140.471  0
292.372  157.412  0
298.515  142.451  0
94.017  134.548  0
192.997  169.354  0
149.623  202.18  0
145.712  165.449  0
120.806  108.457  0
87.3063  141.332  0
123.606  175.059  0
146.581  60.5431  1
159.39  42.2256  1
107.584  154.342  0
259.353  153.053  0
272.243  153.757  0
273.434  153.338  0
267.278  154.443  0
269.478  153.834  0
143.018  56.1295  1
131.96  155.372  0
127.467  148.001  1
62.5859  131.943  1
61.5244  107.21  0
92.53  121.254  0
284.376  150.428  0
203.358  193.234  0
122.452  152.798  0
170.848  165.311  0
160.754  31.4203  0
195.468  89.4786  0
229.396  167.545  0
75.1602  85.5005  0
62.7471  105.802  0
91.7539  169.007  0
205.645  186.437  0
112.544  179.494  1
231.463  103.336  1
148.726  187.844  1
217.164  162.043  1
191.055  125.521  1
171.962  175.529  1
111.79  161.914  1
277.586  133.617  1
210.917  154.329  1
141.846  122.849  1
165.146  40.4914  1
86.0758  104.205  1
157.464  45.204  1
161.431  45.4136  1
165.438  45.4734  1
181.267  159.228  1
144.453  42.2467  1
147.792  45.5936  1
153.804  45.0694  1
214.269  162.61  1
125.183  152.399  0
157.04  100.075  1
170.293  56.1052  1
148.476  58.1356  1
154.313  151.31  1
99.7913  150.241  1
173.998  56.5149  1
158.714  60.3384  1
151.964  59.9482  1
104.934  149.816  1
230.823  145.119  1
271.44  151.333  0
86.9067  154.542  1
201.149  157.174  1
270.91  163.208  1
114.314  173.872  0
153.289  174.62  0
291.35  142.586  1
199.148  174.028  0
156.376  92.1747  1
171.591  172.404  0
192.343  174.515  0
164.65  173.986  0
166.294  173.534  0
157.451  173.104  0
168.817  116.905  1
158.904  47.4639  1
195.963  193.953  0
237.609  97.9732  1
154.501  178.052  1
108.092  120.798  1
96.4221  150.469  1
162.843  97.7947  1
287.312  92.5184  1
138.777  150.092  1
293.773  112.739  1
83.4308  91.5718  1
190.098  92.5201  1
94.9584  91.3855  0
300.109  90.9188  0
92.9293  92.8894  0
302.222  92.4379  0
53.7223  91.7215  0
75.3357  98.9527  0
97.3391  93.5145  0
258.516  192.79  0
53.0714  94.0019  0
55.407  93.4089  0
108.049  175.655  1
167.963  52.8364  1
283.776  153.103  1
209.192  168.216  1
70.0677  106.267  1
286.523  152.26  1
192.618  200.657  1
71.351  109.401  1
212.747  164.887  1
67.2415  135.027  1
229.304  84.9368  1
167.687  104.484  1
186.372  111.844  1
136.361  116.891  1
249.653  191.077  1
104.98  177.441  1
108.605  152.604  1
162.744  120.656  1
214.265  158.467  1
169.012  175.221  1
271.031  166.445  1
302.621  117.641  0
243.013  164.2  1
189.622  132.845  1
225.093  184.05  1
230.195  181.712  1
68.5869  139.446  0
120.68  138.324  0
113.963  137.336  0
62.5147  139.49  0
161.963  66.3364  1
284.933  158.643  1
95.9708  137.32  0
66.7933  129.973  0
281.465  179.835  0
283.442  179.815  0
137.92  186.174  1
142.236  186.503  1
171.575  181.213  0
301.963  140.9  0
285.807  179.32  0
128.178  181.23  0
271.617  180.626  0
279.229  180.245  0
207.131  181.22  0
266.999  180.395  0
114.963  108.209  0
176.911  172.526  0
174.471  172.259  0
81.5384  170.05  0
236.024  76.1113  0
147.138  172.659  0
144.871  172.965  0
140.31  172.893  0
136.141  172.942  0
101.63  172.328  0
93.7814  172.116  0
169.715  161.396  0
131.317  190.092  0
299.466  105.574  0
287.67  136.388  0
77.1815  120.245  0
140.127  160.257  0
224.77  198.047  0
72.7497  136.9  0
157.427  193.761  0
95.9634  129.466  0
307.32  121.831  0
118.696  167.911  0
276.185  118.527  0
82.0737  154.514  0
94.873  125.292  0
51.7765  82.2397  0
262.026  186.578  0
287.292  158.19  0
81.9063  111.702  0
242.265  191.774  0
181.947  195.274  0
297.897  92.3084  0
246.081  166.877  0
231.337  165.597  0
229.733  165.971  0
152.463  165.529  0
142.227  167.416  0
136.831  166.672  0
122.211  166.249  0
219.9  86.3991  0
134.639  165.19  0
130.328  165.164  0
82.3137  113.13  0
73.3313  113.761  0
300.602  131.899  0
55.7572  113.225  0
53.5401  113.863  0
271.422  112.324  0
225.014  201.44  0
112.118  112.559  0
102.979  112.335  0
88.2766  112.007  0
219.952  128.746  1
132.166  140.928  1
100.628  151.591  1
113.351  119.825  1
249.017  120.086  1
246.826  121.847  1
59.5917  121.561  1
278.485  120.471  1
152.189  120.853  1
116.474  120.516  1
232.045  119.605  1
228.463  120.336  1
261.334  85.5517  1
221.294  146.618  1
268.615  146.49  1
257.463  147.232  1
144.865  58.2304  1
270.388  146.483  1
193.424  184.588  1
100.405  148.26  1
217.533  146.835  1
214.423  147.553  1
154.892  83.9106  1
74.7461  118.152  0
263.246  153.482  0
295.672  158.095  0
111.857  170.84  0
264.449  133.234  0
94.7257  156.558  0
259.826  189.96  0
262.714  151.651  0
81.1285  112.899  0
260.778  186.471  0
119.247  111.555  0
91.103  134.157  0
296.55  157.103  0
173.415  162.258  0
153.773  172.56  0
137.77  199.607  0
238.082  189.886  0
161.049  161.989  0
151.276  173.116  0
137.135  192.008  0
138.495  161.531  0
155.172  162.113  0
162.634  161.642  0
143.592  121.943  1
177.963  87.8364  1
258.089  123.938  1
288.608  123.04  1
283.98  161.444  0
237.785  100.753  1
281.703  158.059  1
104.121  161.212  0
113.504  160.891  0
87.4318  118.333  1
144.502  34.3173  1
156.858  32.3847  1
156.602  190.863  1
146.306  31.9618  1
150.626  32.6821  1
104.032  123.596  1
153.068  31.6706  1
109.121  126.739  1
146.901  198.498  1
76.5129  94.3279  1
78.1562  94.3821  1
155.289  94.3888  1
158.271  94.7688  1
59.7328  119.729  1
138.045  123.737  1
73.6166  95.2156  1
208.85  187.122  1
201.576  95.5587  1
146.809  119.679  1
297.467  124.131  0
282.169  125.009  0
70.5438  125.172  0
50.1331  86.0601  0
76.5402  131.139  0
283.193  164.79  0
167.044  148.015  1
205.105  85.5846  0
275.374  85.1609  0
70.4576  86.5258  0
73.4808  85.3582  0
71.5025  140.894  0
279.604  117.783  1
300.855  126.317  0
299.342  125.522  0
173.685  171.69  0
221.087  190.706  1
124.537  129.372  1
155.463  71.8364  1
280.444  124.856  0
228.247  155.06  1
79.2284  126.648  1
294.994  109.37  1
183.0  157.363  1
250.095  138.788  1
157.353  40.0344  1
196.077  158.845  1
149.395  146.388  1
82.5848  118.537  1
166.447  97.6101  1
224.092  186.509  1
176.545  193.776  1
273.41  155.058  1
271.315  155.315  1
242.545  82.2771  1
281.221  173.183  1
134.767  157.449  1
238.288  169.083  1
91.0518  115.99  1
115.183  156.912  1
283.707  110.073  1
245.167  94.366  1
293.432  151.297  1
159.631  39.1101  1
235.261  92.2936  1
104.881  125.883  1
149.636  59.212  1
159.686  37.1135  1
140.843  150.864  1
236.874  91.3959  1
180.127  107.111  1
272.729  172.746  1
279.385  116.221  1
191.707  130.348  1
159.246  191.346  1
167.496  191.332  1
171.021  93.6741  1
212.719  187.288  1
148.744  194.594  1
208.68  194.518  1
144.828  192.449  1
225.032  192.306  1
221.842  106.533  1
170.107  190.504  1
217.43  178.83  0
220.037  178.67  0
278.326  178.195  0
93.1837  180.383  0
99.4391  179.413  0
121.056  179.316  0
255.527  179.084  0
261.417  178.229  0
267.551  179.278  0
269.07  179.008  0
79.6795  146.884  0
52.9763  94.974  0
266.453  174.145  0
213.189  174.535  0
83.8363  174.83  0
287.933  173.415  0
130.334  173.903  0
96.2944  146.303  0
229.139  191.306  0
220.679  174.306  0
98.6514  141.651  0
54.6062  81.4912  0
121.784  141.605  0
100.502  142.172  0
278.25  158.855  0
85.6514  139.437  0
83.4155  140.989  0
75.9578  141.331  0
293.787  140.121  0
284.75  139.667  0
90.4999  176.497  0
287.872  157.2  0
281.705  141.821  0
186.926  177.962  1
249.625  185.016  0
141.124  168.912  0
83.5732  113.123  0
135.346  190.234  0
102.67  120.993  0
298.454  101.804  1
278.276  136.976  0
199.265  210.756  0
101.7  176.211  0
280.351  161.512  0
189.428  213.112  0
56.8919  119.392  0
172.277  191.843  1
291.349  137.205  1
295.6  105.207  1
156.679  105.935  1
160.408  106.162  1
162.739  106.641  1
246.23  106.385  1
268.487  105.896  1
271.977  128.813  1
169.539  206.26  0
257.163  105.494  1
265.133  105.475  1
76.6926  126.289  0
150.598  166.888  0
99.5967  185.032  0
105.411  145.631  1
306.32  105.877  0
287.688  163.42  0
285.521  163.781  0
270.978  120.035  0
90.8129  163.96  0
145.322  164.323  0
125.175  164.997  0
153.446  164.756  0
150.708  164.032  0
180.884  164.6  0
111.312  175.929  0
269.806  112.688  0
250.495  158.338  1
193.93  213.683  0
92.4447  109.318  0
56.2016  110.699  0
52.7834  110.155  0
81.5129  109.824  0
116.89  108.72  0
272.429  178.673  0
87.5446  110.365  0
104.901  110.283  0
103.482  111.248  0
91.8595  144.825  0
256.24  182.115  0
103.68  151.292  1
268.161  128.144  1
170.817  128.678  1
110.631  128.105  1
104.833  105.484  1
80.6033  127.962  1
69.9965  128.462  1
107.129  179.145  1
270.389  127.725  1
268.386  165.65  1
225.02  128.177  1
228.581  197.772  0
133.275  106.835  0
177.936  203.474  0
299.301  157.121  0
62.3167  125.233  0
85.1279  150.822  0
97.4284  180.501  0
97.8349  189.217  0
226.61  177.317  0
72.1897  81.0826  0
181.78  192.628  0
94.5406  136.875  0
200.507  193.642  0
199.415  194.442  0
159.919  161.008  0
284.278  178.476  0
254.367  193.451  0
231.281  193.374  0
164.636  165.49  0
261.032  193.331  0
263.238  178.989  0
264.472  178.678  0
264.711  182.244  0
65.6836  120.936  0
263.463  183.336  0
95.256  183.427  0
251.735  183.368  0
264.313  180.33  0
263.276  181.594  0
301.96  145.927  0
265.819  130.005  0
297.508  147.79  0
226.521  204.08  0
266.925  185.673  0
206.108  92.1107  0
90.4623  127.017  0
72.9921  145.649  0
275.783  144.86  0
199.987  170.465  0
273.99  120.829  0
110.455  157.783  1
145.308  106.106  1
97.8966  110.832  0
200.208  163.784  0
206.953  189.114  0
109.093  119.816  0
287.91  135.131  0
269.331  140.656  0
102.603  103.681  0
111.948  116.734  0
249.618  172.744  0
114.626  159.68  0
122.938  126.614  1
253.655  149.139  1
157.568  175.524  1
175.223  64.3307  1
80.3907  91.3159  1
84.1714  132.595  1
68.4214  96.2247  1
147.68  155.879  1
157.067  159.352  0
159.319  159.043  0
196.888  131.168  1
61.2357  119.104  1
161.51  160.238  0
171.369  160.184  0
89.1645  158.76  0
116.2  158.259  0
286.182  158.886  0
84.6621  159.418  0
276.517  158.868  0
280.167  159.022  0
207.624  93.8282  0
204.245  93.7541  0
62.5095  93.5216  0
57.2169  94.2153  0
85.1899  94.5241  0
279.14  94.7855  0
263.533  94.1168  0
210.146  93.6579  0
142.465  183.036  1
164.346  68.5037  1
105.727  138.21  1
302.286  107.723  0
62.8669  122.901  0
74.6572  140.524  0
295.4  136.049  0
129.871  182.136  0
295.941  144.664  0
280.1  167.347  0
142.546  175.684  0
268.608  113.595  0
93.3852  157.093  0
156.721  96.6345  1
267.685  98.592  1
156.078  98.7722  1
63.6576  87.143  1
96.9485  99.1755  1
98.546  100.206  1
230.969  99.821  1
297.226  97.8804  1
85.3839  98.5995  1
163.981  178.19  1
205.848  86.7059  0
209.397  87.4505  0
85.9489  87.1839  0
90.019  87.4436  0
54.321  88.3466  0
237.332  88.4273  0
262.277  161.147  0
289.294  86.0255  0
238.183  86.8541  0
138.568  168.53  0
211.926  176.968  0
281.304  109.703  1
111.192  179.026  1
183.861  95.6896  1
291.284  109.535  1
229.502  179.21  1
226.602  186.564  1
254.748  108.467  1
166.68  180.748  1
221.545  109.221  1
217.506  109.411  1
174.787  178.135  1
152.266  192.796  1
263.468  155.069  0
158.685  172.103  0
172.6  205.914  0
278.153  167.12  0
303.044  120.876  0
120.382  165.387  0
115.523  161.911  0
100.634  167.189  0
182.833  185.045  0
269.52  142.462  0
305.929  131.519  0
92.8654  115.497  1
183.643  131.151  1
144.764  158.564  1
145.734  120.099  1
234.667  181.266  1
272.956  148.789  1
74.4354  135.943  1
108.979  159.662  1
131.202  128.652  1
162.017  158.446  1
87.2934  159.46  1
246.569  148.079  1
232.084  81.4716  1
82.4164  134.553  1
255.463  118.336  1
93.064  112.778  1
130.767  187.504  1
104.136  145.343  1
181.08  95.5068  1
155.076  30.8481  1
106.051  122.912  1
170.463  104.336  1
180.544  196.092  0
221.914  177.815  0
95.407  177.815  0
239.649  89.857  0
155.033  93.3036  1
80.1511  114.57  1
220.281  176.624  0
225.406  176.552  0
141.963  40.8364  1
217.438  176.83  0
204.403  199.244  1
205.9  201.063  1
283.485  119.555  1
164.964  159.834  1
225.625  164.084  1
88.3873  114.72  1
59.3206  110.411  1
278.34  151.26  1
79.4634  144.836  0
283.282  143.403  0
270.045  143.977  0
268.381  143.268  0
284.844  145.525  0
273.616  145.207  0
272.089  144.777  0
101.85  144.257  0
186.795  106.819  1
252.469  143.2  0
122.211  144.291  0
259.039  99.8306  1
152.585  110.118  1
163.463  64.3364  1
250.03  133.668  1
171.963  87.8364  1
239.21  171.809  1
220.363  116.899  1
149.727  120.837  1
141.231  148.481  1
178.185  59.7488  1
88.1161  155.503  1
54.1944  93.8186  0
261.224  179.318  0
93.9491  169.927  0
277.437  139.201  0
200.95  192.216  0
53.5916  128.713  0
147.467  205.377  0
280.012  135.148  0
230.34  192.106  0
218.375  196.831  0
286.517  154.494  1
80.3738  90.3856  1
154.822  91.7688  1
154.145  90.1544  1
158.843  108.207  1
228.4  108.25  1
285.293  108.243  1
158.675  192.894  1
175.957  51.83  1
264.509  108.041  1
177.717  109.343  1
244.945  187.558  1
165.407  108.422  1
171.282  109.337  1
67.2776  91.3535  1
275.223  141.877  0
275.221  155.046  1
294.164  155.147  1
135.53  155.488  1
80.3968  95.015  1
59.4374  125.278  1
285.082  124.305  1
111.445  125.342  1
97.7325  126.226  1
165.379  126.549  1
113.25  125.241  1
297.077  125.647  1
246.749  127.232  1
80.4651  126.036  1
287.455  125.166  1
294.176  156.372  0
301.213  136.325  0
108.945  116.67  0
284.444  136.783  0
283.182  138.364  0
230.672  172.765  0
92.9306  136.374  0
91.6905  137.357  0
279.669  136.508  0
265.661  181.045  0
156.264  140.968  1
151.199  141.242  1
286.293  140.332  1
266.943  140.546  1
77.3434  141.272  1
174.637  198.672  1
239.458  141.779  1
234.25  141.186  1
63.6256  116.402  1
252.22  140.45  1
242.321  194.056  0
94.8547  128.187  0
60.5984  90.088  0
97.1596  186.409  0
134.626  192.579  0
100.123  190.01  0
161.453  164.902  0
201.778  178.823  0
107.923  185.315  0
98.6526  186.156  0
150.0  162.885  0
241.302  84.8364  0
93.9288  99.7454  0
295.605  93.6991  0
105.978  119.848  0
285.496  139.045  0
61.4878  93.0984  0
240.374  91.8941  0
100.431  145.778  0
236.095  88.9509  0
62.3477  90.9272  0
290.295  159.33  0
294.531  158.332  0
298.32  158.195  0
267.911  149.6  0
103.461  159.518  0
117.135  115.102  0
94.8401  142.606  0
124.963  159.336  0
171.0  162.933  0
289.794  110.865  1
137.001  148.18  1
78.5429  82.547  0
248.514  146.629  1
198.133  101.763  1
104.558  148.201  1
106.202  148.32  1
210.989  128.44  1
150.82  187.409  1
80.5824  138.634  1
76.5832  132.757  1
183.574  117.239  1
138.625  137.804  1
252.27  175.419  1
259.39  175.458  1
198.87  176.253  1
250.532  176.391  1
177.178  176.938  1
181.603  177.899  1
196.465  133.836  1
199.463  133.836  1
63.3506  94.8773  1
95.7701  102.912  1
57.1158  135.293  0
162.308  196.867  0
224.285  85.0441  1
270.263  134.307  1
273.04  174.908  0
145.546  118.641  1
157.616  165.428  0
276.683  179.31  0
299.066  139.63  0
171.491  169.468  0
275.806  116.852  0
194.229  133.751  1
261.451  145.583  1
84.8739  135.646  1
78.3254  134.56  1
173.67  194.531  1
76.3555  146.353  1
147.682  161.395  1
267.919  136.681  1
154.942  182.921  1
161.018  81.498  1
266.847  161.295  1
175.714  158.996  1
156.359  158.308  1
78.2581  95.8625  0
206.953  128.427  1
168.191  162.223  0
98.8508  107.224  0
144.543  50.7483  1
260.93  115.002  1
278.879  174.252  0
206.779  176.41  0
120.635  157.131  0
157.306  101.583  1
58.3398  108.369  0
148.841  163.264  0
278.63  176.271  0
280.575  176.245  0
282.216  176.058  0
283.591  175.51  0
203.472  161.536  1
273.238  151.473  0
232.612  168.515  0
295.206  152.216  0
277.981  148.354  0
284.103  140.681  0
270.317  172.898  0
260.617  131.757  0
86.9782  138.31  0
234.963  79.8364  0
75.0957  114.767  0
107.006  159.253  0
81.2914  132.891  0
76.3708  147.59  0
75.2179  146.999  0
278.249  98.9567  0
113.971  147.306  0
252.426  148.505  0
276.655  173.887  0
93.1127  148.832  0
268.118  148.003  0
125.366  148.519  0
96.4786  148.51  0
229.6  150.698  1
162.647  192.262  1
152.696  37.0439  1
55.5102  128.499  0
179.312  178.224  1
101.654  181.762  1
95.9634  127.336  0
84.3821  127.295  0
72.9178  127.667  0
68.4497  127.435  0
143.79  123.367  1
160.132  99.3226  1
104.845  108.275  0
299.511  133.364  0
296.949  135.692  0
256.481  91.2919  0
148.114  164.147  0
181.248  202.231  0
236.201  78.3784  0
290.944  160.347  0
286.409  129.444  0
100.89  114.477  0
228.582  184.953  1
165.784  100.053  1
191.842  99.0607  1
195.519  99.1173  1
199.309  98.7336  1
180.137  161.795  1
169.28  99.1609  1
175.463  99.3364  1
181.592  98.8605  1
185.327  99.1177  1
223.697  176.977  0
280.49  137.833  0
258.899  138.485  0
57.7501  141.012  0
282.296  139.953  0
104.592  115.719  0
80.7263  168.02  0
227.223  199.609  0
290.873  163.301  0
74.2052  139.201  0
72.4793  140.163  0
150.199  27.7929  1
179.392  157.474  1
164.511  158.166  1
190.6  158.48  1
271.438  157.312  1
146.595  158.361  1
243.414  157.344  1
136.697  128.335  1
212.1  156.92  1
227.295  157.361  1
156.504  162.16  0
275.143  121.104  0
98.4845  121.039  0
74.8455  122.875  0
73.7401  119.45  0
64.3519  122.141  0
309.99  121.681  0
305.057  121.717  0
275.614  122.128  0
72.0736  121.559  0
69.4966  121.138  0
164.233  38.2872  1
166.284  71.2764  1
165.438  35.8196  1
176.963  97.3364  1
172.463  71.3364  1
169.275  41.4159  1
167.031  37.9271  1
141.963  38.3364  1
162.982  36.121  1
163.921  34.3584  1
209.709  177.901  0
227.394  201.07  0
163.417  201.317  0
282.673  142.362  0
198.787  169.35  0
168.111  204.714  0
175.369  203.595  0
309.276  112.358  0
123.472  177.793  0
188.477  211.019  0
184.614  208.034  0
294.714  114.652  0
118.553  178.462  0
134.431  112.578  0
67.9265  136.092  1
69.9601  112.798  0
81.3425  114.447  0
79.5713  112.875  0
99.8288  112.901  0
113.486  113.146  0
242.472  189.813  0
59.8558  114.006  0
71.7278  110.652  0
146.48  110.305  1
288.911  111.89  1
125.558  118.038  1
302.983  102.852  1
131.148  114.658  0
170.51  197.809  1
97.4003  179.396  0
148.192  38.4809  1
99.6698  104.215  1
224.836  182.273  1
147.814  56.4695  1
147.415  192.447  1
56.3385  123.521  1
123.285  117.015  0
295.714  133.906  0
55.8748  98.2368  0
176.898  188.299  0
251.956  188.339  0
277.497  111.642  1
89.9067  107.815  0
293.918  138.922  0
241.463  109.336  1
276.533  136.76  0
80.222  129.602  0
285.23  177.536  0
271.765  177.354  0
139.085  186.764  1
180.377  67.0329  1
66.439  133.46  1
231.881  93.4224  1
143.306  57.561  1
88.0583  157.315  1
60.0978  131.916  1
286.448  113.866  1
291.248  151.285  1
262.08  127.112  1
63.5606  91.1568  0
260.302  157.531  0
263.66  157.299  0
126.43  157.799  0
258.266  158.394  0
297.456  157.368  0
301.75  157.183  0
293.594  157.219  0
296.726  158.319  0
106.701  156.868  0
254.265  184.178  0
85.9141  144.815  0
203.985  186.305  0
224.139  202.495  0
187.804  170.405  0
115.041  163.22  0
282.208  134.233  0
73.7622  116.335  0
181.451  197.981  0
202.989  88.9174  0
120.419  106.036  0
277.954  83.699  0
281.231  84.0133  0
228.756  199.182  0
296.194  136.703  0
71.6362  85.3858  0
74.4562  84.1488  0
67.5422  84.1754  0
68.711  85.0784  0
189.745  83.6439  0
192.58  83.89  0
147.567  107.607  1
188.559  116.8  1
100.492  106.558  1
102.452  106.478  1
72.4634  106.336  1
88.7218  106.121  1
297.405  105.26  1
151.86  183.481  1
156.181  95.6412  1
158.917  80.8156  1
68.6433  91.2236  1
233.702  173.666  1
177.81  68.567  1
167.261  175.335  1
186.506  174.447  1
104.973  123.222  1
145.789  59.4219  1
107.864  177.944  1
290.962  140.956  1
116.658  174.202  1
164.241  98.425  1
140.277  175.045  0
58.4207  117.009  0
247.581  131.122  1
269.477  130.948  1
61.9738  94.6692  1
296.93  146.189  0
261.992  185.554  0
69.9732  80.3596  0
54.5252  109.916  0
224.411  199.714  0
236.951  167.288  1
275.863  140.381  0
187.463  132.836  1
144.274  28.1844  1
62.1192  130.729  1
295.764  103.117  1
173.147  176.847  1
86.684  156.313  1
196.012  212.948  0
199.644  212.44  0
185.875  213.674  0
112.063  176.629  1
188.113  213.664  0
211.008  196.71  1
293.002  136.156  1
93.0582  184.935  0
150.006  159.076  1
120.149  141.434  0
304.624  119.802  0
74.4772  86.7374  0
198.036  197.319  0
116.062  130.983  0
229.188  73.8364  0
72.5209  146.991  0
240.825  73.8475  0
280.263  163.636  0
71.9057  145.447  0
264.318  187.342  0
167.544  160.99  1
268.426  167.597  1
87.364  129.542  0
67.2325  128.463  0
139.204  130.0  1
156.142  116.069  1
81.6343  129.355  1
75.3249  130.498  0
267.24  129.621  0
262.014  129.675  0
287.914  151.986  1
154.462  190.999  1
84.0214  134.179  1
288.915  137.614  1
279.732  152.677  1
72.3559  135.038  1
203.783  202.022  1
150.496  116.72  1
141.625  126.652  1
192.824  204.245  1
214.463  176.836  0
106.402  175.63  1
287.612  143.19  1
102.912  175.903  0
143.436  142.928  1
153.463  143.336  1
300.437  159.744  0
293.521  160.622  0
158.504  102.393  1
94.4301  160.994  0
258.991  160.785  0
158.486  160.777  0
291.797  161.441  0
263.69  159.842  0
162.463  100.336  1
270.661  100.164  1
123.463  160.836  0
121.294  158.956  0
306.328  129.994  0
304.522  130.398  0
301.795  131.035  0
299.262  131.314  0
62.48  92.0674  0
285.797  132.853  0
263.052  131.881  0
156.899  201.264  0
79.4634  131.336  0
52.1314  131.053  0
123.767  165.736  0
214.363  90.9325  0
172.535  45.4758  1
169.301  45.486  1
171.208  43.6385  1
71.7573  95.1982  1
174.978  46.4071  1
171.74  47.2185  1
141.963  46.3364  1
211.803  188.589  1
141.963  43.3364  1
166.907  42.9647  1
75.6047  106.993  0
91.4683  123.789  0
89.238  123.612  0
291.956  115.121  0
94.8603  123.485  0
67.2279  123.941  0
50.0502  123.443  0
86.7238  123.068  0
85.3431  122.823  0
303.674  123.174  0
300.822  122.678  0
157.465  28.4479  1
156.453  26.8483  1
158.994  29.5096  1
141.963  29.3364  1
155.526  25.044  1
153.747  23.2642  1
142.236  27.4168  1
143.506  25.6727  1
145.277  22.2408  1
140.917  121.464  1
139.08  109.749  0
302.378  109.529  0
94.4848  110.091  0
96.3203  110.042  0
64.4639  110.529  0
78.7091  111.294  0
304.008  110.336  0
58.082  110.5  0
74.7157  110.606  0
77.4758  109.785  0
286.649  98.3297  0
128.753  158.285  0
208.369  165.508  0
141.38  159.471  0
155.368  173.814  0
273.299  127.671  0
148.9  200.207  0
55.4332  86.857  0
201.062  202.539  1
139.265  122.061  1
280.501  103.054  1
219.218  114.331  1
194.463  111.836  1
123.482  140.373  1
115.943  178.357  0
251.318  190.698  0
283.289  151.81  0
261.676  187.7  0
271.339  173.072  0
274.146  166.503  0
251.21  145.536  0
277.722  169.088  0
270.066  110.733  0
227.468  193.955  0
92.8708  110.716  0
285.083  97.3334  0
256.509  99.6197  1
219.973  151.087  1
244.539  116.928  1
166.07  177.126  1
72.0364  128.742  1
284.487  122.782  1
243.965  166.933  1
156.843  30.2296  1
121.723  134.349  1
82.1026  97.4151  1
181.402  199.833  0
289.441  156.953  0
298.168  155.151  0
301.856  155.037  0
121.529  155.269  0
261.387  156.306  0
262.405  155.952  0
264.558  155.575  0
99.8007  155.895  0
102.108  155.415  0
240.222  167.846  1
126.633  168.274  1
155.398  186.119  1
253.229  92.751  0
195.933  92.6898  0
200.103  92.8514  0
260.9  168.161  1
263.972  167.995  1
221.938  114.242  1
109.988  179.97  1
79.3335  95.0555  1
183.583  89.4182  1
266.339  119.388  1
173.963  97.3364  1
211.152  187.375  1
164.773  87.8066  1
253.114  145.62  0
87.7571  127.853  0
175.354  182.536  0
221.712  180.203  0
113.65  112.191  0
150.496  198.001  0
250.258  187.703  0
75.8832  97.0976  0
102.901  118.945  0
113.087  108.845  0
145.694  203.422  0
149.368  203.451  0
162.671  183.233  1
257.062  121.342  1
69.378  109.897  1
75.7647  109.715  1
248.986  154.074  1
231.931  87.6958  1
269.356  108.737  1
271.454  109.383  1
183.663  128.774  1
191.463  116.836  1
225.261  203.459  0
269.716  119.301  1
144.895  186.996  1
270.606  171.387  1
277.331  171.408  1
118.59  172.073  1
292.59  150.095  1
191.563  206.261  1
296.586  100.901  1
132.592  119.913  1
114.619  120.386  1
225.463  119.336  1
221.069  119.801  1
116.521  122.571  1
114.685  122.093  1
112.237  122.474  1
110.698  122.677  1
254.681  184.723  0
64.5211  130.292  0
259.373  185.763  0
279.917  146.572  0
134.237  169.339  0
194.312  171.611  0
275.326  177.87  0
262.955  187.288  0
255.232  188.574  0
289.193  115.571  0
64.5003  138.213  1
76.3456  138.148  1
151.307  138.481  1
268.438  138.393  1
168.267  39.7124  1
77.4549  139.318  1
82.2264  137.588  1
191.26  192.832  1
97.5765  138.389  1
122.475  138.62  1
203.812  188.032  0
191.084  165.334  0
208.74  209.406  0
89.2921  138.941  0
283.669  145.871  0
104.133  156.432  0
92.226  187.388  0
266.721  131.024  0
120.138  160.162  0
175.385  173.14  0
122.788  198.59  1
66.8063  139.953  0
74.4641  89.8364  0
72.7805  89.9937  0
68.018  89.3716  0
278.193  88.7437  0
266.52  89.1557  0
235.409  88.3655  0
217.985  88.2071  0
58.3787  93.6177  0
83.639  88.2023  0
62.2676  89.1231  0
233.056  97.7918  1
205.543  126.427  1
81.7985  133.376  1
233.497  185.347  1
220.463  111.836  1
209.435  116.615  1
264.347  119.452  1
269.652  158.5  1
213.648  185.04  1
274.525  131.881  1
189.95  169.857  0
173.238  182.738  0
251.963  88.8364  0
85.4616  85.319  0
132.062  180.449  0
80.3909  166.459  0
177.114  204.99  0
284.326  117.751  0
102.22  111.232  0
270.343  179.698  0
271.118  121.995  0
103.853  121.664  0
89.5222  121.981  0
88.0536  122.587  0
292.819  122.7  0
277.24  121.383  0
77.7471  123.232  0
53.9149  124.167  0
295.273  123.446  0
277.906  122.903  0
289.72  128.138  1
294.712  96.4192  1
247.607  117.101  1
242.438  101.407  1
168.532  157.388  1
64.2611  91.5104  1
255.184  101.828  1
59.1282  131.37  1
175.819  61.4004  1
154.144  192.396  1
245.431  112.608  1
161.352  53.2247  1
115.522  111.256  0
207.173  199.213  1
206.843  186.9  0
63.3383  88.4466  1
103.171  173.235  0
115.42  132.708  0
138.991  159.149  0
114.324  111.147  0
283.253  134.191  0
283.731  132.818  0
186.782  208.647  0
303.447  133.78  0
97.9515  157.249  0
141.834  202.128  0
87.4649  124.995  0
86.2649  124.36  0
75.7661  126.152  0
75.1522  125.124  0
73.933  126.166  0
64.4451  125.493  0
301.424  124.431  0
93.4622  124.835  0
90.2745  124.627  0
88.5315  125.251  0
168.466  125.263  1
152.768  156.055  1
149.364  42.2073  1
183.167  111.495  1
155.013  157.348  1
58.5342  120.58  1
181.442  76.5242  1
154.967  101.634  1
279.25  172.549  1
114.642  114.333  1
103.463  149.336  1
145.584  149.384  1
171.401  149.368  1
191.039  161.186  1
249.674  149.311  1
257.535  149.625  1
107.127  150.322  1
109.955  150.349  1
289.034  148.698  1
290.979  147.709  1
238.214  103.169  1
127.217  170.003  1
155.463  148.336  1
174.963  87.8364  1
108.829  128.248  1
144.006  116.003  1
116.26  117.316  0
81.7198  125.031  1
174.463  116.836  1
249.758  145.433  1
66.151  117.025  0
76.784  118.532  0
95.7478  117.969  0
97.2611  117.635  0
111.883  118.179  0
227.505  190.872  0
238.205  192.532  0
235.429  193.577  0
117.355  165.085  0
139.107  193.266  0
76.11  122.324  0
117.603  193.626  0
105.674  193.397  0
103.486  193.265  0
96.5761  193.881  0
263.642  191.628  0
78.9846  81.0272  0
77.7534  133.355  1
83.5562  131.387  1
239.135  174.549  1
58.8302  126.797  1
66.3422  94.8371  1
286.729  151.038  1
162.489  147.23  1
211.623  185.996  1
175.674  176.609  1
144.212  61.2203  1
230.403  156.306  1
127.055  153.532  0
261.461  153.255  0
99.5515  154.421  0
103.259  154.633  0
63.58  127.614  0
97.4639  154.444  0
301.189  153.269  0
82.6754  155.41  0
116.964  111.402  0
297.623  153.648  0
194.14  176.642  1
108.701  178.908  1
271.237  139.112  1
253.322  179.775  0
274.703  113.332  0
225.509  170.305  0
103.395  109.629  0
107.866  105.922  0
149.149  161.171  1
127.731  157.829  0
63.5413  81.8365  0
184.055  191.651  0
90.4058  174.511  0
162.336  156.356  1
288.089  112.647  1
111.623  155.963  1
237.171  173.24  1
253.578  155.167  1
233.045  154.631  1
183.342  155.232  1
159.97  64.2453  1
169.616  155.077  1
155.073  109.084  1
232.851  88.5123  1
146.437  121.114  1
144.103  109.116  1
148.99  117.961  1
289.542  139.551  1
145.747  116.695  1
76.5151  111.46  1
97.5429  112.408  1
95.1226  112.304  1
221.227  87.8993  1
124.532  144.589  1
181.463  123.336  1
113.351  123.286  1
175.463  111.836  1
233.672  89.2133  1
210.564  166.137  1
224.643  166.286  1
221.872  123.357  1
246.721  145.756  1
69.9081  92.4417  1
159.032  117.541  1
201.461  123.042  1
197.39  123.125  1
86.299  136.239  1
122.708  136.527  1
201.463  106.836  1
76.4226  136.481  1
266.334  136.09  1
175.311  152.544  1
113.588  110.131  0
185.885  190.973  0
160.041  165.338  0
251.653  181.679  0
178.192  186.97  0
150.295  201.04  0
73.4888  98.3734  0
279.433  129.772  0
52.4876  88.0689  0
137.188  108.126  0
274.837  127.2  0
62.9131  103.772  0
141.511  157.768  0
178.318  206.147  0
128.754  201.828  0
184.846  205.399  0
126.864  207.668  0
127.426  205.31  0
129.6  205.416  0
145.024  205.285  0
152.236  204.999  0
230.229  204.64  0
124.33  206.506  0
127.321  193.233  0
141.186  197.227  0
151.704  194.684  0
167.422  196.228  0
222.403  195.16  0
247.966  194.693  0
251.178  194.603  0
59.212  112.681  0
195.887  192.145  0
205.562  195.222  0
56.048  138.462  0
91.9541  131.475  0
253.524  181.739  0
298.35  156.685  0
151.85  200.78  0
194.195  166.863  0
234.103  167.427  0
155.633  171.434  0
259.609  191.487  0
300.418  106.213  0
284.749  167.202  0
254.367  187.533  0
188.638  202.368  0
187.166  204.628  0
200.602  207.063  0
193.214  207.853  0
198.45  208.535  0
196.171  208.374  0
207.58  205.451  0
102.424  152.856  0
204.431  206.549  0
187.374  206.505  0
272.534  175.949  0
118.753  166.684  0
120.857  153.203  0
110.658  115.883  0
176.742  190.197  0
180.78  197.226  0
95.4498  154.72  0
133.409  178.535  0
66.448  143.83  0
299.897  158.097  0
255.096  143.512  0
151.063  189.669  1
202.677  99.1306  1
182.972  85.7368  1
281.747  91.4487  1
202.228  148.836  1
274.317  110.517  1
86.0354  102.755  1
251.252  155.92  1
232.974  182.888  1
209.976  187.227  1
132.345  142.838  1
234.993  86.0226  1
284.841  91.9243  1
180.244  180.297  1
196.476  206.7  1
288.498  154.077  1
279.489  124.812  0
192.785  188.099  1
251.415  95.1257  1
291.877  95.3308  1
193.463  95.3364  1
85.8087  133.845  1
160.196  96.0081  1
196.68  95.9785  1
62.0773  96.2517  1
64.2085  96.5961  1
288.94  94.4008  1
67.664  94.9128  1
84.2773  152.277  0
223.397  120.823  1
154.672  27.3905  1
89.3408  127.458  0
88.1925  126.17  0
275.337  125.577  0
91.6863  126.414  0
281.321  127.043  0
279.749  126.682  0
304.583  126.042  0
302.692  126.232  0
170.379  65.2472  1
223.669  171.26  0
183.726  168.548  0
74.9795  113.052  0
151.397  164.742  0
236.307  86.017  0
78.5654  132.877  0
102.694  108.312  0
74.7716  96.7146  0
79.6443  95.968  0
141.198  108.701  0
272.108  139.892  0
212.578  183.49  0
249.841  182.968  0
111.741  167.223  0
108.646  146.037  1
160.463  146.336  1
110.226  186.488  0
139.298  147.321  1
118.07  110.386  0
78.2819  129.751  0
166.522  197.803  0
77.6519  149.989  0
247.057  197.695  0
115.698  182.187  0
187.66  95.7663  1
129.592  147.227  1
285.174  113.584  1
140.79  119.528  1
163.463  47.3364  1
255.055  124.006  1
169.771  77.6705  1
271.746  161.545  1
252.361  135.01  1
142.66  124.964  1
71.8924  136.067  1
209.081  156.916  1
158.632  96.5291  1
294.325  106.505  1
132.463  125.281  1
173.463  114.336  1
194.824  125.82  1
211.557  131.071  1
185.963  116.573  1
133.608  122.198  1
180.751  190.394  0
138.586  190.217  0
240.47  190.738  0
231.041  190.723  0
265.087  189.485  0
257.96  190.642  0
97.4634  191.336  0
95.3668  191.823  0
181.463  109.336  1
104.237  190.342  0
93.4891  189.797  0
71.6523  91.5602  1
222.73  192.715  1
193.921  193.974  1
287.405  96.3379  1
192.004  132.982  1
207.536  118.905  1
295.554  128.021  1
193.314  159.89  1
163.687  123.241  1
257.754  153.325  1
156.207  88.7217  1
235.987  185.343  1
152.185  102.822  1
248.358  178.284  1
81.9964  128.313  1
73.7979  91.5276  1
294.409  132.04  1
154.439  104.072  1
297.269  115.024  0
308.614  114.277  0
288.18  114.648  0
152.533  104.106  1
277.798  115.752  0
285.51  114.867  0
268.641  115.015  0
276.261  112.727  0
125.54  115.1  0
155.361  102.895  1
64.3389  134.222  1
83.3268  154.617  0
299.456  103.441  1
212.463  111.836  1
131.115  152.434  0
292.132  166.401  0
272.356  94.0927  0
178.093  185.376  0
63.228  124.05  0
283.7  127.036  0
263.157  188.678  0
118.63  164.47  0
127.367  156.032  0
100.498  178.16  0
243.042  115.461  1
279.171  114.007  1
195.902  204.781  1
102.246  148.47  1
98.3598  114.221  1
161.52  62.3179  1
236.363  115.167  1
240.172  114.056  1
87.1669  115.177  1
89.7886  114.408  1
88.5905  116.295  1
95.6766  115.501  1
256.147  115.087  1
252.463  114.336  1
154.505  113.912  1
150.506  114.145  1
142.463  114.336  1
96.3035  114.031  1
281.461  113.411  1
258.452  112.351  1
157.369  95.868  1
190.629  189.976  1
162.202  40.4288  1
159.448  173.125  0
166.905  159.01  1
288.058  106.87  1
153.177  86.2298  1
245.387  101.488  1
75.5574  91.3533  1
77.3864  91.112  1
64.5521  90.3799  1
66.2603  90.3852  1
233.702  84.982  1
251.72  101.713  1
233.989  90.3594  1
61.1053  97.4784  1
191.926  112.156  1
215.228  160.539  1
55.7369  88.7486  0
200.105  196.155  0
78.15  148.485  0
233.315  201.111  0
177.165  208.002  0
180.16  207.572  0
172.462  208.835  0
176.072  208.664  0
211.027  208.148  0
170.101  208.724  0
227.643  198.135  0
126.099  197.719  0
213.763  196.18  0
225.786  198.635  0
212.524  198.638  0
121.194  199.251  0
176.361  199.516  0
195.991  198.296  0
191.137  185.701  1
188.962  198.169  0
200.192  198.229  0
289.979  158.231  0
275.332  175.445  0
56.1339  93.9033  0
97.9298  109.139  0
54.1536  77.7292  0
53.1386  133.22  0
277.364  160.717  0
271.257  152.632  0
260.512  154.848  0
249.606  171.037  0
169.389  193.309  1
247.79  191.429  1
162.059  175.826  1
189.538  127.74  1
142.624  192.265  1
209.768  198.804  1
150.986  162.835  1
164.024  161.169  1
219.273  106.85  1
280.087  106.471  1
177.209  195.684  1
149.963  143.836  1
100.104  175.616  0
97.0161  175.988  0
228.117  152.853  1
300.145  109.335  1
180.71  186.12  0
133.442  175.785  0
236.043  93.9971  1
204.106  111.994  1
99.3064  103.015  1
193.287  122.904  1
128.367  175.573  0
111.884  120.208  1
115.064  175.814  1
272.504  138.882  1
120.803  176.51  0
143.764  157.483  1
106.114  128.453  1
184.401  159.01  1
226.87  185.164  1
283.247  166.441  0
281.911  165.274  0
78.7955  167.652  0
292.779  165.13  0
288.502  164.831  0
285.347  165.195  0
156.414  166.545  0
154.482  167.063  0
253.105  182.986  0
133.349  167.577  0
